;geometry;Cont_ID;I1;I1_1;I1_1_1;I1_1_2;I1_1_3;I1_2;I1_2_1;I1_2_2;I1_2_3;I2;I2_1;I2_1_1;I2_1_2;I2_1_3;I2_2;I2_2_1;I2_2_1_1;I2_2_1_2;I2_2_1_3;I2_2_2;I2_2_3;I2_2_3_1;I2_2_3_2;I2_2_3_3;I2_2_4;I2_2_4_1;I2_2_4_2;I2_2_4_3;I2_2_1_4;I2_2_1_5;Sample;POP;POPnum;GDP;GDPnum;City;Authority;DPSVI;A_DPSVI;B_Proneness;C_DigitalS;S1_GA;S1_BS;S1_CL;S1_ED;S1_HE;S1_OS;S1_SW;S1_TM;S1_UT;S2_GA;S2_BS;S2_CL;S2_ED;S2_HE;S2_OS;S2_SW;S2_TM;S2_UT;S3_GA;S3_BS;S3_CL;S3_ED;S3_HE;S3_OS;S3_SW;S3_TM;S3_UT;S4_GA;S4_BS;S4_CL;S4_ED;S4_HE;S4_OS;S4_SW;S4_TM;S4_UT;S1;S2;S3;S4;SI_GA;SI_BS;SI_CL;SI_ED;SI_HE;SI_OS;SI_SW;SI_TM;SI_UT;SI;lat;lon
0;POINT (6.126623162462714 49.61406329221083);267754d1-908d-427d-8a89-66d0c6de3b7f;2;2;3;2;3;2;1;2;2;2;2;3;1;2;2;2;1;3;2;2;2;2;3;3;2;2;1;4;3;1;1;100.000 - 250.000;3;> 50K;6;Luxembourg;Municipality (city/town);0.354018664206164;3;3;3;2;1;3;1;1;1;3;2;3;3;2;2;2;1;3;1;2;1;1;1;1;1;1;1;1;1;1;4;1;4;4;1;1;1;1;1;2;1;1;2;2;1;4;3;1;1;1;1;1;1;49.61406329221083;6.126623162462714
1;POINT (6.973261277654934 50.94569412303544);63f1aa2d-f374-462a-b3e6-e490254d0487;4;4;2;4;4;4;4;4;4;4;4;4;4;4;4;4;4;4;3;4;4;4;4;4;4;4;4;4;4;4;1; > 1.000.000;6;> 50K;6;Köln, Stadt;Metropolitan Area;0.677460160091134;1;1;1;1;1;1;1;1;1;1;1;1;3;2;1;2;1;3;2;4;1;1;1;1;1;1;1;1;1;1;1;1;1;4;1;1;4;3;1;1;1;1;2;1;1;1;2;1;1;3;2;1;1;50.94569412303544;6.973261277654934
2;POINT (18.919287590962195 46.9593627945527);168107d5-4842-4a67-880d-7cf79fcdaaa3;1;3;2;3;3;1;1;1;1;1;1;1;2;1;1;2;2;1;2;2;1;1;1;1;2;3;1;2;3;1;0; < 50.000;1;10K-20K;2;Dunaujvaros;Municipality (city/town);0.264081350889715;3;3;3;4;4;3;1;1;4;4;4;1;4;4;4;4;3;4;4;3;2;3;4;4;2;3;4;4;3;2;4;4;4;1;1;4;3;1;1;4;4;3;3;4;4;4;2;2;4;4;3;1;4;46.9593627945527;18.919287590962195
3;POINT (21.70851328482199 47.93850849298371);80bc77e9-4b40-4ec9-8559-622ae5425577;1;1;1;1;1;1;1;1;1;1;1;1;1;1;1;1;1;1;1;1;1;1;1;1;1;1;1;1;1;1;0;500.000 - 1.000.000;5;< 10K;1;Szabolcs-Szatmár-Bereg;County/Province;0.0437090773809524;3;3;3;1;1;1;1;1;1;4;1;1;4;4;4;4;4;4;4;4;4;2;3;3;3;3;3;3;2;3;2;3;3;3;4;4;4;2;3;1;4;3;4;2;2;3;3;4;4;4;2;3;3;47.93850849298371;21.70851328482199
4;POINT (-8.624369925841295 41.1323827280279);8d1be9c4-c063-46f8-b4a8-0d65ca9cb3ec;3;3;2;2;4;3;3;3;2;4;3;3;4;3;4;3;3;2;3;4;3;2;3;4;3;2;3;4;3;1;0;250.000 - 500.000;4;10K-20K;2;Vila Nova de Gaia;Municipality (city/town);0.475701459029125;2;4;2;1;3;3;1;1;1;1;3;4;4;4;4;3;3;4;3;3;4;3;2;2;2;3;3;3;3;4;4;2;1;1;1;1;1;3;4;2;3;3;1;3;2;2;2;2;2;2;3;4;2;41.1323827280279;-8.624369925841295
5;POINT (9.950025551741762 48.39054025995346);19754030-af77-4e9c-a460-552201086b2c;2;2;3;2;1;1;1;2;2;2;2;3;2;2;2;1;2;1;2;1;3;3;2;4;3;4;3;1;2;1;1;100.000 - 250.000;3;> 50K;6;Ulm;Municipality (city/town);0.336470780201325;3;3;3;4;1;1;1;1;1;1;4;4;3;2;2;2;3;3;2;3;3;4;3;3;4;3;3;3;4;4;4;1;1;1;1;1;4;3;1;4;2;4;2;4;1;1;2;2;2;4;4;4;3;48.39054025995346;9.950025551741762
6;POINT (22.431061521356195 39.65270012763678);4fcd9a2d-70d4-4790-ad74-4f3234f99086;1;1;1;1;3;1;1;1;1;1;1;1;1;1;1;1;1;1;1;1;1;1;1;4;1;1;1;3;1;1;0;100.000 - 250.000;3;10K-20K;2;Larissa;Municipality (city/town);0.188765977945665;3;3;3;3;1;1;1;1;1;1;1;3;4;2;3;2;3;4;3;3;3;3;3;4;4;3;2;2;2;3;4;4;3;1;1;1;1;1;4;2;3;3;2;4;4;3;2;3;2;2;1;4;2;39.65270012763678;22.431061521356195
7;POINT (-8.422083024064392 43.345609320519195);566e9b99-19ed-45b4-aad7-545e3424bbe0;3;4;4;3;4;3;3;2;4;4;4;4;3;4;4;4;4;4;4;1;4;4;4;4;4;4;3;4;4;4;0;100.000 - 250.000;3;20K-30K;3;A Coruna;Municipality (city/town);0.533559337040955;2;1;2;1;1;1;1;1;3;1;3;3;3;2;3;3;3;4;2;2;2;4;3;4;4;4;4;4;3;4;4;1;1;1;1;1;1;4;4;2;2;4;2;3;1;2;2;2;3;2;3;4;2;43.345609320519195;-8.422083024064392
8;POINT (28.971316 41.010656);b2a16900-8e0d-4c8e-a80b-21f5e6451a78;4;4;4;4;3;4;4;3;4;4;4;4;3;3;4;4;4;3;4;2;4;4;4;3;4;3;4;3;4;4;0; > 1.000.000;6;10K-20K;2;Istanbul;Municipality (city/town);0.58086867178641;1;1;1;3;1;1;1;4;1;1;3;1;3;3;3;3;3;4;3;3;3;3;3;4;4;4;4;4;3;4;3;3;3;4;4;4;3;1;3;2;3;4;3;3;3;3;3;4;3;3;1;2;3;41.010656;28.971316
9;POINT (12.193139419626819 44.41280968477083);36ad4182-5cfb-43a2-a815-4bfd3a51c71d;3;4;3;4;3;3;4;1;3;3;3;3;3;3;4;2;2;3;3;4;3;3;2;4;4;4;3;4;2;1;0;100.000 - 250.000;3;30K-40K;4;Ravenna;Municipality (city/town);0.478497755852535;3;4;2;2;3;3;3;1;1;3;3;4;4;4;4;4;4;4;4;4;4;4;4;4;4;3;3;4;4;4;3;4;4;4;1;1;4;4;3;3;4;4;4;4;4;4;4;3;4;4;4;4;4;44.41280968477083;12.193139419626819
10;POINT (2.1540265183209093 48.89616113671956);964a2730-4bc2-47ee-a0d0-10a40bf10dbb;1;2;3;1;2;1;1;1;1;2;2;2;1;4;2;1;1;1;2;2;2;3;1;4;3;4;2;2;1;1;0; < 50.000;1;40K-50K;5;Chatou;Municipality (city/town);0.305479033890493;3;3;3;4;4;4;4;4;3;3;4;4;1;1;1;1;2;2;1;2;2;4;3;2;3;3;3;2;2;3;1;2;3;4;4;3;4;2;3;4;1;3;2;3;2;2;3;3;2;3;3;3;3;48.89616113671956;2.1540265183209093
11;POINT (-1.1721753195320361 46.1622784237774);9c5513ce-cecf-42bd-a485-ab8e1ddb4072;4;2;1;3;4;4;4;4;4;4;4;3;3;4;4;4;4;4;4;4;3;4;3;3;4;3;3;4;4;4;1;100.000 - 250.000;3;20K-30K;3;Rochelle;Unions of municipalities/Mountain communities;0.567717340767892;1;1;4;2;1;4;1;1;3;1;3;4;1;4;2;1;1;3;1;2;2;2;1;1;1;1;1;1;1;1;2;4;2;1;1;3;2;4;4;2;1;1;3;1;3;2;1;1;2;1;2;3;1;46.1622784237774;-1.1721753195320361
12;POINT (2.289912760820537 49.9007685038992);4db67946-57d2-4b11-8618-52cc62fa48d0;2;1;3;1;1;3;3;3;2;2;2;2;2;2;2;2;4;3;2;3;2;1;2;4;1;1;2;2;1;1;1;100.000 - 250.000;3;20K-30K;3;Amiens metropolitan area;Metropolitan Area;0.340982277696433;3;3;3;4;1;1;4;1;1;1;1;4;1;1;1;1;1;1;1;3;2;3;2;2;2;2;3;2;4;2;3;2;1;2;3;4;1;3;1;3;1;2;1;2;1;1;2;1;2;1;2;2;1;49.9007685038992;2.289912760820537
13;POINT (2.899081742610423 42.69641632772518);e4b036bc-9b9a-4ffe-b599-9d736e10365f;2;2;2;3;2;3;2;3;3;2;1;2;2;2;2;2;1;3;2;2;3;1;3;4;2;2;2;3;3;1;0;100.000 - 250.000;3;20K-30K;3;Perpignan;Municipality (city/town);0.347354440987253;3;3;3;1;1;1;1;1;1;1;1;1;4;2;1;2;3;1;2;4;3;3;4;2;2;3;3;4;3;3;4;1;1;1;1;1;1;2;1;1;2;3;1;4;1;1;1;2;1;2;2;2;1;42.69641632772518;2.899081742610423
14;POINT (7.384829271461584 48.110371114063106);2a3b4161-d91d-4b34-8d9b-24f9f2dd076b;1;2;3;1;2;1;3;1;1;2;2;2;4;2;2;1;1;2;2;4;1;1;1;1;1;2;1;2;1;1;1;50.000 - 100.000;2;20K-30K;3;Colmar;Municipality (city/town);0.324989985901444;3;3;3;2;3;3;1;1;3;1;4;1;1;2;3;3;1;3;2;2;2;4;3;3;4;2;4;4;4;4;4;4;2;3;1;4;3;3;3;2;2;4;4;3;3;2;3;1;3;3;3;2;3;48.110371114063106;7.384829271461584
15;POINT (2.899081742610423 42.69641632772518);ad923e48-7ac1-41d5-97f9-1521eb230048;3;4;3;4;4;2;3;1;3;3;4;3;4;3;2;1;1;3;2;3;1;2;3;1;3;3;3;3;1;1;1;100.000 - 250.000;3;20K-30K;3;Perpignan;Municipality (city/town);0.449399204768997;3;3;2;1;4;1;1;1;4;1;3;4;4;4;4;1;1;3;1;4;4;3;2;2;2;3;4;2;3;4;1;4;1;1;1;4;1;3;3;4;3;3;1;2;4;2;1;1;4;1;4;4;3;42.69641632772518;2.899081742610423
16;POINT (4.90484262507597 52.373333860932625);748a79df-c422-45b1-b2e5-58736c75e1ce;3;2;1;2;4;3;1;4;4;4;4;3;3;4;4;3;3;4;4;3;4;4;4;4;4;3;3;4;3;1;1;500.000 - 1.000.000;5;> 50K;6;Amsterdam;Municipality (city/town);0.486061901180927;2;1;3;4;4;3;4;4;3;4;4;4;4;4;4;4;4;4;4;4;4;3;3;4;2;2;2;2;3;2;4;2;4;3;4;1;1;3;2;4;4;2;3;4;4;4;4;4;3;3;4;4;4;52.373333860932625;4.90484262507597
17;POINT (-0.5735457575448732 44.857466370925515);6c86823c-093b-442c-aeeb-469223b2c84b;2;3;1;4;3;1;1;2;3;2;1;1;2;2;4;4;4;3;4;3;2;1;2;4;4;4;3;4;3;4;1;500.000 - 1.000.000;5;30K-40K;4;Bordeaux metropolitan area;Metropolitan Area;0.36123861483696;3;4;2;3;3;1;1;1;1;3;2;3;4;3;3;3;3;4;3;4;4;4;4;2;3;3;3;4;4;4;3;1;1;1;1;1;4;1;4;2;3;4;2;4;2;2;2;2;2;4;2;4;3;44.857466370925515;-0.5735457575448732
18;POINT (7.760544202687338 49.43303518180654);cebafa09-c33f-4c71-8494-08a315241930;3;2;1;2;2;3;2;4;1;2;2;2;2;3;3;2;2;2;1;2;3;3;4;4;4;3;3;4;3;1;1;50.000 - 100.000;2;40K-50K;5;Kaiserslautern;Municipality (city/town);0.402005009696187;3;3;3;4;4;4;3;4;1;4;3;3;1;4;4;4;3;1;2;4;4;3;4;3;3;4;4;3;4;4;3;4;3;3;4;1;3;4;4;4;3;4;4;2;4;4;3;4;1;3;4;4;4;49.43303518180654;7.760544202687338
19;POINT (-1.7435421330636125 51.57158329184766);c7f3ab8f-a07d-46af-80dd-82a1bc735a55;3;4;3;3;4;2;2;2;2;2;2;2;2;2;2;1;1;3;3;2;1;1;1;3;3;2;2;4;2;1;1;100.000 - 250.000;3;> 50K;6;Swindon;Municipality (city/town);0.366389907835221;3;3;2;4;1;1;1;1;1;1;3;4;4;4;1;3;2;2;1;4;1;2;3;1;1;1;1;1;1;1;3;3;1;4;1;1;1;4;4;3;2;1;4;3;2;1;3;1;1;1;3;2;2;51.57158329184766;-1.7435421330636125
20;POINT (-0.1926905374390627 51.958976838437415);d96982a7-f2b5-4eb1-875b-a142bd9a7084;2;2;4;3;1;3;3;2;4;3;2;2;2;4;3;4;3;3;3;4;3;3;2;4;2;1;4;2;1;4;1; > 1.000.000;6;40K-50K;5;Hertfordshire;County/Province;0.418952841633448;3;4;3;4;3;4;1;1;3;1;4;1;3;4;2;4;1;4;1;4;1;2;1;1;1;1;1;1;2;1;3;2;4;4;4;3;4;3;3;4;2;1;4;3;2;4;3;2;3;2;4;1;3;51.958976838437415;-0.1926905374390627
21;POINT (0.1488996842729188 51.708799790687564);94b0c786-012f-45c5-afe9-3770e7258cd8;2;2;2;1;2;2;3;2;3;3;3;3;3;4;2;1;1;3;1;3;2;3;2;2;2;2;2;3;1;1;1;100.000 - 250.000;3;30K-40K;4;Epping Forest;Unions of municipalities/Mountain communities;0.388591199020887;3;3;3;4;3;3;1;1;3;1;2;3;1;1;2;2;1;2;1;1;1;2;2;4;3;4;3;2;4;4;4;2;4;3;4;4;2;4;3;2;1;3;4;2;1;4;2;2;2;1;3;2;2;51.708799790687564;0.14889968427291883
22;POINT (7.40640444347961 46.94757371935809);ff503806-f604-4ac4-920c-785eb3f03fb9;4;4;2;3;4;3;3;4;2;4;4;3;4;4;4;1;1;4;2;4;4;3;4;4;4;4;3;4;1;1;0;100.000 - 250.000;3;> 50K;6;Bern;Municipality (city/town);0.547702517968143;1;1;2;1;4;1;1;1;1;1;3;1;1;2;1;1;2;2;1;1;1;2;2;2;2;2;2;2;1;2;1;3;1;4;1;1;3;1;3;2;1;1;1;1;2;1;3;1;1;2;1;1;1;46.94757371935809;7.40640444347961
23;POINT (-8.613777966468641 41.22953018462044);e605941d-70b4-45ec-b7a1-189df7f10d30;1;1;1;2;1;2;3;2;2;1;1;2;1;1;2;1;1;2;3;2;2;3;2;3;2;1;3;3;2;1;0; < 50.000;1;10K-20K;2;Maia;Municipality (city/town);0.269070277523403;3;3;3;3;4;1;1;1;3;3;4;1;1;1;2;1;1;2;1;3;1;3;2;4;3;2;3;1;3;2;3;4;2;1;1;1;2;2;1;3;1;2;1;2;2;2;1;1;2;1;3;1;1;41.22953018462044;-8.613777966468641
24;POINT (3.725382243566682 51.074534779832156);a3674e8e-4f22-4b9f-8bc1-599fc7cd3c8f;3;2;1;3;3;4;2;4;4;3;3;2;3;4;3;4;3;4;2;3;3;4;2;3;2;3;2;2;4;4;1;250.000 - 500.000;4;40K-50K;5;Gent;Municipality (city/town);0.461663207537289;3;3;4;1;3;1;3;1;3;1;2;3;1;2;2;2;1;3;3;2;2;1;2;1;1;2;2;2;1;2;3;2;1;4;1;1;1;2;4;2;2;1;1;1;1;1;3;1;2;1;1;2;1;51.074534779832156;3.725382243566682
25;POINT (-0.0744562910026529 51.472792387301);ce618a95-5910-4574-bd42-9eb1e5b84562;1;1;3;2;1;1;1;1;1;2;2;3;2;2;1;1;1;1;1;3;1;3;2;1;1;1;3;1;1;1;1;250.000 - 500.000;4;40K-50K;5;Southwark;District/Parish/Ward;0.251722377834357;3;3;3;4;4;4;4;4;4;4;4;1;4;4;4;4;4;4;4;4;3;2;3;3;3;1;3;3;2;1;2;4;1;3;4;1;3;2;4;4;4;2;3;3;4;3;4;4;4;4;3;3;4;51.472792387301;-0.0744562910026529
26;POINT (5.706762474780888 58.95995007364935);5f38bb66-8941-4cfc-9dae-648ae559f97c;4;4;4;4;4;4;4;4;4;4;4;4;4;4;4;4;4;4;3;4;4;4;4;4;4;4;4;3;4;4;0;100.000 - 250.000;3;> 50K;6;Stavanger;Municipality (city/town);0.727703049650966;1;1;1;1;3;1;1;1;1;1;2;3;1;2;2;2;3;3;2;2;2;1;2;2;2;2;2;2;1;2;4;1;1;1;1;1;1;1;1;2;2;1;1;3;1;1;1;2;1;1;1;1;1;58.95995007364935;5.706762474780888
27;POINT (23.32513567234792 55.90508508514289);45c484f1-8991-4919-8359-85abe8e6f9f0;2;3;2;1;4;1;1;1;3;3;3;4;3;3;2;2;2;1;2;2;4;4;4;4;2;3;1;3;1;1;0;100.000 - 250.000;3;10K-20K;2;Siauliai;Municipality (city/town);0.393443548905253;3;3;3;3;3;1;3;1;1;4;2;1;3;3;4;4;4;4;4;4;4;1;1;1;1;1;1;1;1;1;1;4;3;3;1;1;4;1;1;2;4;1;2;1;3;3;3;3;3;4;1;2;3;55.90508508514289;23.32513567234792
28;POINT (1.432050383853373 43.59606198910202);9d44a09b-2b6f-4a1d-a9bd-33160e641bb3;3;4;4;4;4;2;2;2;3;3;3;2;4;3;4;4;4;4;4;4;2;1;3;4;3;3;3;3;4;4;1;500.000 - 1.000.000;5;40K-50K;5;Toulouse;Municipality (city/town);0.47254238808237;3;4;2;4;4;3;4;1;1;4;4;4;3;3;2;3;4;1;3;2;3;3;3;4;4;2;2;4;3;4;4;3;4;3;4;1;3;2;3;4;3;3;4;4;4;3;4;4;1;4;2;4;4;43.59606198910202;1.432050383853373
29;POINT (-0.0914481792413285 51.514272371863676);d81c141d-ceab-4989-96bc-0d585071af32;4;4;4;2;3;4;3;4;3;4;3;2;4;4;4;4;4;4;3;4;3;3;2;4;4;4;4;3;3;4;1; > 1.000.000;6;> 50K;6;London metropolitan area;Metropolitan Area;0.553138603906987;1;4;1;3;4;4;4;4;1;1;4;4;3;4;4;4;4;4;4;4;4;3;3;4;4;4;3;4;3;4;3;2;3;4;4;1;3;1;3;4;4;4;3;3;4;4;4;4;4;3;3;4;4;51.514272371863676;-0.0914481792413285
30;POINT (24.296214255209545 58.38893441897018);7fec8317-a19d-441a-b210-921ed9fc8e9a;2;3;4;1;2;2;4;1;2;2;2;2;3;2;3;3;4;2;3;3;4;3;4;4;1;1;1;2;4;1;0; < 50.000;1;10K-20K;2;Pärnu;Municipality (city/town);0.381270005610538;3;3;3;3;3;3;3;4;3;3;2;1;3;3;3;3;3;4;3;3;1;1;1;1;1;1;1;1;1;1;1;4;1;4;1;3;4;1;1;3;2;1;4;1;3;2;4;2;2;4;1;1;2;58.38893441897018;24.296214255209545
31;POINT (4.647343224468023 52.38355604897858);015b4209-779f-498c-9178-00732b203b02;4;4;3;4;4;4;3;4;4;4;4;4;4;4;4;4;4;4;4;4;4;4;4;3;4;4;4;4;4;4;0;250.000 - 500.000;4;30K-40K;4;Haarlem;Municipality (city/town);0.634319734493447;1;1;1;4;4;3;1;1;4;3;3;1;1;2;4;4;4;3;3;3;4;4;4;4;2;3;4;4;4;2;4;4;4;1;1;4;3;4;1;3;4;4;4;4;4;4;3;3;4;3;4;3;4;52.38355604897858;4.647343224468023
32;POINT (7.767310768099341 48.5712703125105);c4e98d4e-10c2-4f4e-81fb-2d35df3dd55a;4;4;3;1;4;4;4;4;3;3;3;2;4;3;3;3;3;4;3;3;3;3;3;4;2;3;1;3;4;1;1;250.000 - 500.000;4;30K-40K;4;Strasbourg metropolitan area;Metropolitan Area;0.50953976777353;4;3;1;4;1;4;4;1;1;1;1;4;3;1;3;1;2;2;2;2;3;3;2;3;2;2;2;2;4;4;4;1;1;3;1;1;3;4;4;3;1;2;3;4;1;3;2;1;1;2;3;4;2;48.5712703125105;7.767310768099341
33;POINT (19.10784428104434 47.48386663542792);4834b586-2a36-4da7-9e5f-0c0c7dd77549;2;2;2;2;2;3;3;3;3;2;2;3;3;2;1;1;1;1;2;2;1;1;2;1;1;2;2;1;2;4;1; > 1.000.000;6;20K-30K;3;Budapest;Municipality (city/town);0.354629388840326;3;3;3;4;4;4;4;4;4;4;4;4;3;3;4;3;3;4;4;4;4;4;4;4;4;4;4;4;4;4;2;2;4;4;4;4;4;1;1;4;4;4;4;3;4;4;4;4;4;4;4;4;4;47.48386663542792;19.10784428104434
34;POINT (-4.252768920850497 55.85797637549711);24521872-21a3-4ad3-ae8b-d8829ecc684e;4;3;4;4;2;4;4;3;3;3;3;2;3;4;3;4;3;4;3;2;3;4;2;3;3;3;3;3;3;4;1;500.000 - 1.000.000;5;40K-50K;5;Glasgow;Municipality (city/town);0.468799741437303;4;3;1;2;3;4;1;1;1;4;3;3;1;3;3;4;3;3;2;1;2;3;2;2;2;2;2;1;1;2;3;2;3;3;4;3;4;1;3;3;2;1;2;2;2;3;2;3;2;3;1;2;2;55.85797637549711;-4.252768920850497
35;POINT (-4.502725885836104 48.40071797929291);9a460744-c30d-47ca-b091-8b01a267cce6;3;3;2;3;4;2;4;1;2;3;2;2;4;1;3;3;2;1;4;4;2;2;1;4;3;4;1;3;3;1;1;100.000 - 250.000;3;20K-30K;3;Brest metropolitan area;Metropolitan Area;0.404338169019388;3;3;2;3;1;1;1;1;3;4;3;1;4;4;4;4;4;4;3;4;4;4;4;4;4;4;4;4;4;3;3;3;1;3;4;1;4;1;1;2;4;4;2;4;4;3;4;4;3;4;2;2;4;48.40071797929291;-4.502725885836104
36;POINT (10.373070802627227 63.38258418861445);4b1480c0-dad5-45fe-954f-8ba931079bee;3;4;4;4;4;3;3;1;4;3;3;3;4;3;2;2;2;2;2;3;2;2;3;2;3;2;4;2;2;1;1;100.000 - 250.000;3;> 50K;6;Trondheim;Municipality (city/town);0.474813625032374;3;3;2;1;3;4;1;1;1;1;2;3;3;2;1;2;1;2;1;3;3;1;1;1;1;1;1;1;1;1;2;1;1;3;1;3;1;3;4;2;2;1;2;1;1;1;2;1;1;1;2;4;1;63.38258418861445;10.373070802627227
37;POINT (7.818277657573826 47.9927310261724);5f772bdd-c21a-459b-a2a5-1aea610419a2;2;1;1;2;2;2;4;2;2;2;2;2;2;3;3;3;3;4;2;3;2;3;2;1;2;3;2;2;2;1;1;100.000 - 250.000;3;> 50K;6;Freiburg im Breisgau;Municipality (city/town);0.350377997632134;3;3;3;3;3;3;3;1;1;1;1;1;4;4;4;4;3;2;3;3;3;2;3;3;3;3;1;3;2;3;3;2;3;3;3;3;2;1;3;2;3;2;1;3;2;3;3;3;1;2;1;2;2;47.9927310261724;7.818277657573826
38;POINT (27.339673622472365 56.510717830124015);93664f35-8a6e-4433-81d3-b3803e77a482;4;4;4;4;4;4;3;3;4;3;2;2;3;2;3;2;1;4;2;4;2;2;1;3;4;3;4;4;2;1;0; < 50.000;1;< 10K;1;Rezekne;Municipality (city/town);0.486417575480075;4;3;1;1;1;1;1;1;1;1;2;1;3;3;4;4;4;4;3;4;4;2;1;3;3;1;1;1;2;1;1;3;4;1;1;1;1;4;1;1;3;1;2;1;2;4;2;2;2;1;3;2;2;56.510717830124015;27.339673622472365
39;POINT (7.109683454332402 50.70565537641123);41eca7bd-c126-4294-b78e-b3d16b256442;4;2;2;2;3;4;3;4;4;4;4;4;3;3;4;4;4;3;3;2;4;4;4;4;4;3;3;4;4;1;1;250.000 - 500.000;4;> 50K;6;Bonn;Municipality (city/town);0.52352043155306;1;1;4;1;3;3;3;3;3;3;2;3;4;4;4;2;3;4;2;4;4;1;3;3;3;3;3;3;2;3;1;1;4;1;1;2;1;4;4;2;3;3;3;1;2;4;1;2;3;2;3;4;2;50.70565537641123;7.109683454332402
40;POINT (-0.063506695709226 51.55240017061182);01b6916a-83d0-420d-bae6-af0d1a863ec6;3;3;4;1;4;3;3;4;2;3;2;2;3;2;4;3;4;3;4;4;3;3;3;4;3;2;3;4;3;1;1;250.000 - 500.000;4;20K-30K;3;Hackney metropolitan area;Metropolitan Area;0.425905571796349;3;4;2;4;1;1;1;1;1;1;1;1;3;3;3;3;4;4;4;3;4;1;1;1;1;1;3;1;1;1;1;3;2;2;3;2;2;4;4;2;3;1;2;1;2;1;1;3;3;2;2;3;2;51.55240017061182;-0.063506695709226
41;POINT (5.8366640468507525 51.8386035524885);a3ac8d73-4676-4ab3-b9c2-c6f040cde3ff;4;4;4;4;4;3;3;2;4;3;4;4;4;4;3;3;3;1;3;3;3;4;2;4;3;3;3;3;4;1;1;100.000 - 250.000;3;30K-40K;4;Nijmegen;Municipality (city/town);0.499344727270279;4;2;2;4;3;4;4;4;3;4;4;4;1;3;3;3;3;4;3;3;2;1;3;3;3;3;3;3;2;3;4;3;3;3;4;4;3;3;3;4;3;2;4;3;3;4;3;4;3;3;4;3;3;51.8386035524885;5.8366640468507525
42;POINT (-1.8747590643483647 52.488711773113536);66f67bfe-600a-45e1-8c27-bd6c49043db5;4;4;4;4;4;3;4;3;3;2;2;2;2;2;3;2;2;3;3;1;4;2;4;4;3;3;4;3;3;1;1; > 1.000.000;6;30K-40K;4;Birmingham;Municipality (city/town);0.43637729730101;4;3;2;1;3;1;1;4;3;1;3;1;4;4;3;4;4;3;4;4;4;1;3;3;1;3;1;3;2;1;4;3;1;3;3;3;1;4;1;2;4;1;3;3;4;2;2;4;2;2;4;2;3;52.488711773113536;-1.8747590643483647
43;POINT (3.2146889535698424 51.247252779081414);d77ebf46-8c85-4278-a75a-f2813fe6c95d;3;3;3;2;3;3;3;3;3;3;3;3;3;3;3;3;3;2;4;4;3;3;2;4;3;1;3;3;3;1;1;100.000 - 250.000;3;40K-50K;5;Bruges;Municipality (city/town);0.456729471304839;3;3;3;1;1;1;1;1;1;1;1;1;3;2;4;4;3;3;2;2;2;1;1;1;1;1;1;1;1;1;3;2;3;2;3;3;2;2;2;1;2;1;1;2;1;2;2;2;2;1;1;1;1;51.247252779081414;3.2146889535698424
44;POINT (24.74390660008108 59.42497768200793);a30d1a58-38a0-4c01-9038-cb77ead451f9;4;4;4;4;3;4;4;4;4;4;4;4;4;4;4;4;3;4;4;4;4;4;4;2;3;2;4;3;4;4;1;250.000 - 500.000;4;20K-30K;3;Tallinn;Municipality (city/town);0.656115863762463;1;1;1;1;1;1;1;1;1;1;1;1;1;1;2;1;2;3;1;1;1;2;3;3;3;3;3;3;2;3;2;4;4;3;4;4;3;2;3;1;1;3;4;1;2;3;1;2;2;2;1;1;1;59.42497768200793;24.74390660008108
45;POINT (13.40190467719912 52.50142944447496);b114a85d-da46-4c67-9205-c205e5b3729a;1;1;1;1;2;1;3;1;1;3;3;3;2;4;2;1;1;1;2;1;4;4;4;3;3;4;3;3;3;1;1; > 1.000.000;6;40K-50K;5;Berlin metropolitan area;Metropolitan Area;0.304397273444148;3;3;3;4;4;1;1;1;1;1;1;1;4;4;3;4;4;4;4;4;4;2;1;1;1;1;1;1;1;1;3;4;1;1;1;1;1;1;1;2;4;1;1;3;4;1;3;3;3;2;1;2;3;52.50142944447496;13.40190467719912
46;POINT (9.770397900818649 47.375225432231446);85c5a17c-1b09-4e8b-8afa-d5d43a78919d;3;3;4;3;2;3;4;2;3;2;2;2;3;3;1;1;2;1;1;1;2;1;2;4;3;2;2;4;2;1;0; < 50.000;1;40K-50K;5;Dornbirn;Municipality (city/town);0.385322701224203;3;3;2;4;3;1;4;1;4;4;4;4;3;3;2;3;1;4;3;2;3;3;3;4;3;3;4;4;3;4;1;2;4;3;1;3;3;2;3;4;2;3;1;3;2;3;3;1;4;4;4;3;3;47.375225432231446;9.770397900818649
47;POINT (-1.6820853735166923 48.111733568581606);f77aa63b-9203-4097-b18f-cb3368b6de1d;4;4;3;4;3;4;4;4;2;4;4;4;3;3;4;4;4;4;4;3;4;3;4;4;4;4;4;4;4;4;1;250.000 - 500.000;4;30K-40K;4;Rennes metropolitan area;Metropolitan Area;0.630551679988721;1;1;1;1;1;1;1;1;1;1;1;1;2;1;1;2;3;1;2;3;1;1;1;1;1;1;1;1;1;1;1;4;1;4;1;1;1;4;1;1;1;1;3;1;2;1;3;2;1;1;2;1;1;48.111733568581606;-1.6820853735166923
48;POINT (6.747836774369602 49.311487234818806);60515201-66cd-4aa7-a6ea-591caf28bb15;3;3;4;2;2;3;3;4;3;1;1;1;2;1;2;1;1;3;2;4;1;2;1;1;2;3;2;2;1;1;0; < 50.000;1;30K-40K;4;Saarlouis;Municipality (city/town);0.355663373567019;3;3;3;1;1;3;1;1;1;3;2;3;3;4;2;1;2;2;1;1;2;2;4;1;3;3;3;3;2;4;2;3;3;4;4;4;3;2;3;2;2;3;3;2;4;2;3;2;2;2;1;3;2;49.311487234818806;6.747836774369602
49;POINT (7.168765693490832 51.25072664007082);1a080707-9acd-48c7-8942-026280ba22d1;2;2;3;1;2;2;2;3;1;1;1;1;4;1;1;2;2;1;3;3;1;1;1;1;1;3;1;1;2;1;1;250.000 - 500.000;4;30K-40K;4;Wuppertal;Municipality (city/town);0.287766645743055;3;3;3;2;3;4;1;4;1;4;3;3;4;4;4;4;4;4;4;4;4;3;3;1;1;1;3;3;1;3;4;2;3;3;4;4;4;2;4;3;4;2;4;4;3;3;2;4;4;4;2;4;4;51.25072664007082;7.168765693490832
50;POINT (14.466307428730689 50.06682133573579);f544f7d5-0af6-4139-8913-21e0658aef65;4;4;4;4;4;3;4;2;2;4;4;4;4;4;4;4;4;4;4;4;3;3;3;4;4;4;4;4;4;4;1; > 1.000.000;6;40K-50K;5;Prague;Municipality (city/town);0.589779936158612;1;1;2;3;3;4;3;1;1;3;2;1;3;2;4;4;1;1;3;3;3;3;2;2;2;2;2;1;3;2;3;2;3;2;3;3;4;3;2;2;2;2;2;3;1;3;3;1;1;3;3;2;2;50.06682133573579;14.466307428730689
51;POINT (-1.6585046841936804 55.007836126471254);91cec78d-b67c-44d8-8cae-31f68a751bf8;4;3;3;3;3;4;4;4;3;2;3;2;4;2;2;2;1;3;2;3;1;3;3;1;3;1;2;4;3;1;1;250.000 - 500.000;4;20K-30K;3;Newcastle;Municipality (city/town);0.461094388925118;4;3;1;4;4;4;1;1;4;1;4;1;4;4;2;2;3;3;4;2;2;4;4;4;4;4;4;4;4;4;2;4;4;3;3;4;3;4;4;4;2;4;4;4;4;4;3;3;4;4;4;3;4;55.007836126471254;-1.6585046841936804
52;POINT (10.739479658348472 59.98117054089685);39e81279-dcbc-4433-b5ab-071a75b4bbb2;4;4;4;3;4;4;4;4;2;3;3;2;4;3;4;3;4;2;3;4;3;3;2;4;3;3;2;4;3;1;1;500.000 - 1.000.000;5;> 50K;6;Oslo;Municipality (city/town);0.537198838657938;4;4;1;3;3;4;1;1;3;1;3;3;3;3;2;1;2;3;1;3;2;2;3;3;2;3;4;2;3;2;4;4;4;3;1;4;3;3;3;3;2;3;4;4;3;4;1;2;4;2;3;2;3;59.98117054089685;10.739479658348472
53;POINT (19.02288741120494 50.21813156919477);3749b2f2-7bd6-4451-b957-f830480244c4;2;3;3;1;4;2;2;3;2;2;2;2;2;2;2;2;3;1;3;1;3;2;4;4;2;2;1;3;2;1;1;250.000 - 500.000;4;10K-20K;2;Katowice;Municipality (city/town);0.373377377830503;3;3;3;1;4;1;1;1;4;1;1;1;4;4;1;4;4;4;1;1;4;1;3;4;4;2;3;4;4;4;4;3;3;1;1;3;3;2;3;3;3;3;3;3;4;2;3;3;4;2;1;3;3;50.21813156919477;19.02288741120494
54;POINT (-0.7335725063354221 52.083801792581234);19ca9846-923f-4d2e-a80f-db9f98ffc654;4;3;3;3;3;4;4;4;4;3;3;3;3;3;3;3;1;4;3;3;3;2;3;4;2;2;3;3;4;1;1;250.000 - 500.000;4;> 50K;6;Milton Keynes;Municipality (city/town);0.516393162682226;4;3;1;3;3;4;3;1;1;4;3;3;3;1;3;4;4;1;4;1;1;3;2;1;3;2;2;4;2;3;2;4;3;4;4;4;4;2;3;3;3;2;4;2;3;3;4;4;1;4;1;2;3;52.083801792581234;-0.7335725063354221
55;POINT (25.42165220906738 57.5314676993567);322f0d08-cc6b-402c-ad81-e643fc3053cf;3;1;1;2;2;4;4;3;4;3;3;4;2;3;4;3;3;3;4;3;4;4;4;4;3;3;2;3;3;1;0; < 50.000;1;< 10K;1;Valmiera;Municipality (city/town);0.463821732569129;3;4;4;1;1;1;1;1;1;1;1;1;3;4;4;4;4;3;2;3;4;2;3;3;3;2;3;3;3;2;4;3;4;4;1;4;4;4;1;1;4;3;4;2;3;3;4;3;3;3;2;3;3;57.5314676993567;25.42165220906738
56;POINT (-9.250437906258956 39.09457306406753);d2d28ff8-fad1-420e-9596-e99a06d6e67a;1;1;2;4;1;2;3;1;1;2;2;2;2;2;1;1;1;2;2;2;3;3;3;4;1;2;3;1;1;1;0; < 50.000;1;10K-20K;2;Torres Vedras;Municipality (city/town);0.325863746785621;3;3;3;4;4;4;4;4;4;4;3;1;3;3;4;3;3;2;3;3;1;3;4;4;4;4;4;4;3;3;2;3;3;4;4;4;3;2;3;4;3;4;3;3;4;4;4;4;3;3;2;2;4;39.09457306406753;-9.250437906258956
57;POINT (17.918105467331504 50.67925490718483);0089e2cc-ca04-400c-b0cc-083f28742eed;1;1;1;1;1;1;1;1;1;1;1;1;2;1;1;1;1;1;1;3;1;1;2;3;1;1;1;3;1;1;0;100.000 - 250.000;3;10K-20K;2;Opole;Municipality (city/town);0.17065676510989;3;3;3;1;3;3;1;1;4;1;3;1;1;4;2;4;4;4;3;3;4;4;4;4;4;3;4;4;4;4;4;4;3;3;1;4;4;2;3;2;3;4;4;3;4;3;4;3;4;4;2;3;4;50.67925490718483;17.918105467331504
58;POINT (15.708464915716938 50.871109067990645);bbc9a2e8-4a7a-4b46-b1f4-310ec8cbeef4;1;1;3;1;1;1;2;1;1;1;1;1;1;1;1;1;1;1;1;1;1;1;2;3;1;1;1;2;1;1;0;50.000 - 100.000;2;< 10K;1;Jelenia Gora;Municipality (city/town);0.210444706238977;3;3;3;1;3;1;3;3;1;3;3;3;4;4;4;4;4;4;4;4;4;1;2;2;2;3;2;2;2;2;4;3;1;3;4;1;3;2;3;2;4;1;3;3;3;2;3;4;2;3;2;3;3;50.871109067990645;15.708464915716938
59;POINT (16.161956460574807 49.981383015603974);aa787c86-4db6-487d-a2c0-2a05d0153d24;1;1;1;1;1;1;1;1;1;1;1;1;1;1;1;1;1;1;1;1;1;1;1;1;1;1;1;1;1;1;0;50.000 - 100.000;2;10K-20K;2;Slatina;Municipality (city/town);0.0651029265873017;3;3;3;4;4;4;4;4;4;4;3;4;4;2;3;4;3;3;2;2;2;4;3;2;4;3;4;4;2;2;1;1;1;4;1;1;1;4;4;4;3;3;3;2;2;2;4;3;3;2;3;4;3;49.981383015603974;16.161956460574807
60;POINT (9.366080734987074 55.74241721283829);faa8d5a3-8251-4120-89c6-a4c9720f527f;4;2;3;3;1;4;4;2;4;4;4;4;2;4;4;4;2;3;4;3;4;3;4;4;2;2;3;2;4;4;0;100.000 - 250.000;3;> 50K;6;Vejle;Municipality (city/town);0.52511054736499;1;1;4;1;3;1;1;1;3;1;3;1;1;3;1;4;1;2;4;2;1;4;4;2;4;2;3;4;3;3;2;4;1;3;1;4;3;4;1;2;1;3;4;1;4;1;4;1;3;3;3;1;2;55.74241721283829;9.366080734987074
61;POINT (15.530768281553609 50.179441846127396);6164262c-dcb4-4d4a-a1b7-75d1cdcf0bf3;1;1;2;1;2;1;2;1;3;1;1;1;1;1;2;2;4;1;3;3;2;2;3;1;1;1;2;3;1;1;0;100.000 - 250.000;3;10K-20K;2;Kosice;District/Parish/Ward;0.274138270158491;3;3;3;4;4;4;3;4;4;3;4;4;3;3;3;3;3;4;3;3;3;4;4;4;4;4;4;4;4;4;2;4;3;4;4;4;3;2;3;4;3;4;4;3;4;4;4;4;4;4;3;4;4;50.179441846127396;15.530768281553609
62;POINT (23.58497196737653 58.87038900207417);b228dd24-9e3e-4785-b525-97aa56839555;2;3;4;3;2;2;3;1;3;1;1;1;1;1;1;3;2;1;4;2;1;2;2;1;2;1;1;4;3;1;0; < 50.000;1;10K-20K;2;Haapsalu;Municipality (city/town);0.273275794960078;3;3;3;4;4;4;4;4;4;4;4;4;4;4;4;4;4;4;4;4;4;4;4;4;4;4;4;4;4;4;3;3;3;4;3;3;2;1;1;4;4;4;2;4;4;4;4;4;4;4;4;4;4;58.87038900207417;23.58497196737653
63;POINT (-21.98831395700603 63.97518702580598);6f223091-b79e-4ad9-9c74-e6645e43b3b1;3;3;4;2;3;3;2;3;3;2;3;3;4;2;1;2;2;3;1;1;2;2;3;3;2;3;2;2;2;1;0; < 50.000;1;> 50K;6;Hafnarfjorour;Municipality (city/town);0.383909176930777;3;3;2;3;3;4;1;1;4;1;1;1;1;2;2;2;3;3;2;2;2;1;2;2;2;2;2;2;1;2;1;4;2;2;4;3;4;1;2;3;2;1;3;1;3;2;1;3;2;3;1;1;1;63.97518702580598;-21.98831395700603
64;POINT (12.082660769255739 50.893940095905734);951bb469-16e1-4547-9722-e89e8b4e5396;2;2;2;2;3;2;2;3;1;2;2;2;3;3;2;1;2;1;1;1;2;3;2;2;3;3;1;4;1;1;1;50.000 - 100.000;2;20K-30K;3;Gera;Municipality (city/town);0.356372895101449;3;3;3;1;1;1;1;1;1;1;3;3;1;1;1;1;2;2;2;2;2;4;4;4;4;4;4;4;4;4;2;3;1;4;1;3;2;3;3;2;1;4;2;2;2;2;3;2;2;2;2;3;2;50.893940095905734;12.082660769255739
65;POINT (-0.3597522319066504 39.41983806089648);c64e23fb-00d3-41ff-baf7-c6ae08dc849f;4;4;2;4;4;4;3;4;4;4;4;4;4;4;4;4;4;4;4;2;3;2;3;3;4;3;3;4;3;4;1;500.000 - 1.000.000;5;20K-30K;3;Valencia;Municipality (city/town);0.575404195401208;1;1;1;4;3;4;4;4;3;4;4;3;4;3;3;4;3;4;4;3;3;1;2;2;2;3;2;2;2;2;2;4;4;3;4;4;3;4;4;4;3;2;4;3;3;3;3;4;3;4;3;4;4;39.41983806089648;-0.35975223190665045
66;POINT (11.95474065126203 57.73687028156015);1278dc8c-3eea-4d13-973f-3ed7a2b65995;3;3;1;3;4;3;3;4;1;4;4;4;4;3;4;4;2;4;3;3;4;4;4;4;4;3;4;4;4;1;1;500.000 - 1.000.000;5;40K-50K;5;Goteborg;Municipality (city/town);0.510924608513763;2;1;3;3;1;4;1;1;1;1;3;1;3;2;4;4;4;3;4;4;4;3;3;4;1;1;1;1;1;1;2;4;3;2;3;4;4;1;1;2;4;1;2;2;3;4;3;3;3;4;2;2;3;57.73687028156015;11.95474065126203
67;POINT (14.51290819869769 35.898486796019355);2e140a60-77ff-4354-a21a-fd065bcde34e;2;1;2;1;2;3;3;4;2;2;2;2;3;2;3;2;1;4;3;4;1;1;4;1;2;2;3;2;4;1;0;100.000 - 250.000;3;20K-30K;3;Valletta;Municipality (city/town);0.386555639094701;3;3;3;3;3;1;3;1;1;1;2;3;3;1;1;1;1;2;1;1;1;2;3;1;3;1;3;3;2;1;3;2;2;1;1;3;1;1;1;2;1;2;1;2;1;1;1;1;2;1;1;1;1;35.898486796019355;14.51290819869769
68;POINT (17.300330173368824 40.46349927360749);9acc6b81-bd40-477b-b254-f9a650f04fcb;3;3;4;3;3;3;2;3;3;2;2;3;1;2;1;2;3;3;2;1;1;3;1;1;2;3;2;2;2;1;1;100.000 - 250.000;3;10K-20K;2;Taranto;Municipality (city/town);0.377383127646455;3;3;2;2;1;1;1;1;1;1;1;1;4;3;2;2;3;3;3;2;2;1;2;2;2;3;2;2;2;2;2;3;2;2;3;4;2;4;3;1;2;2;4;2;2;1;1;2;4;2;2;2;2;40.46349927360749;17.300330173368824
69;POINT (15.036154959600653 37.44211413219099);7897d808-71ff-4210-ace1-32fc41da49a1;2;2;3;2;2;3;2;3;2;1;1;1;2;1;2;2;3;3;3;3;2;2;1;4;2;2;1;2;2;1;1;250.000 - 500.000;4;10K-20K;2;Catania;Municipality (city/town);0.321708480846042;3;3;3;4;4;4;4;4;4;4;4;4;4;4;4;4;3;4;3;4;4;3;3;4;3;4;2;3;2;2;2;1;2;4;4;1;4;1;1;4;4;3;2;4;4;3;4;4;3;4;2;3;4;37.44211413219099;15.036154959600653
70;POINT (26.541354886047557 55.890662943699006);2fa5caaf-9b66-41b7-8aa5-e4a1e54f0164;1;1;1;1;1;1;1;1;1;1;1;1;1;1;1;1;1;1;2;2;1;1;2;3;1;1;1;1;3;1;0;50.000 - 100.000;2;< 10K;1;Daugavpils;Municipality (city/town);0.147199694113757;3;3;3;1;4;1;1;1;1;1;4;1;4;4;1;1;1;1;1;3;4;1;1;1;1;1;1;1;1;1;4;2;1;1;1;1;1;3;1;3;1;1;1;3;4;1;1;1;1;1;4;2;1;55.890662943699006;26.541354886047557
71;POINT (14.51290819869769 35.898486796019355);40ce4118-fbd0-44ce-bd2f-a7059c877956;2;2;2;3;2;2;3;3;1;2;2;2;4;2;2;2;3;2;1;4;2;1;3;1;1;1;2;2;2;1;1;100.000 - 250.000;3;20K-30K;3;Valletta;Municipality (city/town);0.359519644639129;3;3;3;3;3;1;1;1;3;1;1;1;1;1;1;1;1;1;1;1;1;2;3;1;1;1;1;1;1;1;4;2;1;1;1;4;4;1;1;1;1;1;2;2;1;1;1;1;2;2;1;1;1;35.898486796019355;14.51290819869769
72;POINT (-6.261965295858027 53.349209642157106);d68a68ba-29e5-4079-a1bb-5720af0471bb;2;1;1;4;2;3;3;4;2;4;4;4;4;3;4;4;3;4;1;4;4;3;4;4;2;1;4;1;4;4;1;500.000 - 1.000.000;5;> 50K;6;Dublin;Municipality (city/town);0.47152184010502;2;1;3;1;3;1;1;1;3;1;2;1;1;2;2;2;1;2;1;2;1;3;2;3;1;2;4;1;3;2;3;4;2;2;1;3;2;3;1;1;1;2;1;2;2;2;1;1;2;1;2;1;1;53.349209642157106;-6.261965295858027
73;POINT (-18.2247404959718 65.68098311459151);1b1e0e7f-07db-438e-b864-e6531dc3dd0a;3;4;2;4;4;3;3;3;2;2;2;2;3;2;2;3;3;2;3;3;1;1;1;3;2;2;2;2;2;1;0; < 50.000;1;> 50K;6;Akureyri;Municipality (city/town);0.404854585008538;3;3;2;4;4;1;1;4;4;1;3;4;4;4;4;4;4;1;4;3;4;3;3;2;3;4;2;2;3;4;2;4;3;1;4;1;3;4;1;4;4;3;4;4;4;3;3;4;1;3;4;3;4;65.68098311459151;-18.2247404959718
74;POINT (14.33414016101911 46.25489901517169);854f4ea4-92b8-4593-aef2-309c12761b30;2;3;2;4;3;2;1;2;2;3;3;3;2;3;2;3;3;4;4;2;1;2;2;2;4;4;4;3;2;1;0;50.000 - 100.000;2;10K-20K;2;Kranj;Municipality (city/town);0.404725450243067;3;3;2;1;1;1;1;1;1;1;1;1;3;3;4;3;3;4;4;3;3;4;4;4;4;4;4;4;4;4;2;2;4;4;4;4;3;3;3;1;4;4;4;2;3;4;4;4;4;3;3;3;4;46.25489901517169;14.33414016101911
75;POINT (33.02007481244805 34.69216096266555);6b776861-3a4f-42bd-971e-f14aa6edeaff;1;1;1;1;1;1;1;1;1;1;1;1;1;1;1;1;1;1;1;1;1;1;1;1;1;1;1;1;1;1;0;100.000 - 250.000;3;20K-30K;3;Limassol;Municipality (city/town);0.123218005952381;3;3;3;1;4;1;1;1;1;1;4;4;4;2;2;2;3;3;2;2;2;1;2;2;2;3;2;2;3;3;1;4;1;1;1;1;1;4;4;4;2;2;3;1;4;1;1;2;1;1;4;4;2;34.69216096266555;33.02007481244805
76;POINT (21.03577730338192 56.540698794173174);2d38c845-bfcb-4164-a035-c588aeba8c4f;2;2;4;1;2;2;3;2;3;2;3;4;1;2;2;1;1;1;1;1;4;4;4;1;2;2;1;2;2;1;1;50.000 - 100.000;2;10K-20K;2;Liepaja;Municipality (city/town);0.382309185027935;3;3;3;2;1;1;4;3;3;1;3;3;4;4;3;4;4;4;3;4;4;3;3;4;3;4;4;3;4;2;1;4;1;1;3;4;1;3;1;2;4;3;2;2;4;2;3;3;4;2;3;2;3;56.540698794173174;21.03577730338192
77;POINT (5.978547209908071 49.49347403574191);00579472-57a5-446e-bd65-a99d23512435;2;2;3;2;1;2;1;3;1;1;1;1;2;1;1;1;1;1;2;1;1;1;1;3;1;2;1;1;1;1;0; < 50.000;1;> 50K;6;Esch-sur-Alzette;Municipality (city/town);0.245082311592729;3;3;3;1;1;1;1;1;1;1;1;1;1;1;1;1;1;1;2;2;1;1;1;1;1;1;1;1;1;1;1;4;1;1;1;1;1;4;4;1;1;1;3;1;2;1;1;1;1;1;2;2;1;49.49347403574191;5.978547209908071
78;POINT (5.074988337447983 52.09115451950583);343566f0-831e-4f72-b236-1ab4ca81aee2;4;4;1;4;4;3;3;3;4;4;4;2;4;4;4;4;4;4;4;4;4;4;4;4;4;4;4;2;4;4;1;250.000 - 500.000;4;> 50K;6;Utrecht;Municipality (city/town);0.553264707140626;1;4;2;1;1;1;1;1;3;1;2;1;4;4;4;4;4;3;4;4;4;2;1;3;1;1;3;3;1;1;2;2;4;4;1;4;4;2;1;1;4;1;4;3;2;4;4;2;3;3;2;2;3;52.09115451950583;5.074988337447983
79;POINT (15.763539403672421 50.030152423453465);f618b79b-1460-45bf-b531-c919fbb89c6e;2;2;2;4;1;2;2;2;3;3;4;4;2;4;3;3;4;2;3;4;3;3;3;4;2;3;3;1;3;1;0;50.000 - 100.000;2;10K-20K;2;Pardubice;Municipality (city/town);0.435215893821593;3;2;3;3;3;4;4;4;4;4;4;3;3;3;2;2;3;3;2;3;2;2;3;3;3;3;3;3;2;3;1;2;3;3;3;4;4;2;3;4;2;3;2;2;2;2;2;3;4;3;3;2;3;50.030152423453465;15.763539403672421
80;POINT (25.271540659974356 54.692122088586764);6b809558-bcb5-441c-aac2-b6d5932aeeee;4;4;4;4;4;4;4;4;3;4;4;4;4;4;4;4;4;4;4;3;4;4;4;4;4;4;4;4;4;4;1;500.000 - 1.000.000;5;20K-30K;3;Vilnius;Municipality (city/town);0.75814769431957;1;1;1;4;3;3;3;4;3;4;3;4;3;1;1;1;2;1;1;4;3;3;3;2;2;4;4;3;4;3;3;2;4;1;3;3;4;1;3;3;1;3;1;3;1;3;1;3;2;3;3;3;2;54.692122088586764;25.271540659974356
81;POINT (12.65682370760266 45.9537352425644);c4dd06b9-7661-4dc9-8abc-a7bb3e997ed5;1;2;3;3;1;1;1;1;1;1;2;2;1;2;1;1;1;3;1;3;1;1;1;4;1;1;2;1;2;1;1;50.000 - 100.000;2;30K-40K;4;Pordenone;Municipality (city/town);0.277841990378448;3;3;3;3;3;3;1;4;3;3;3;1;3;2;4;3;3;3;3;3;3;4;4;4;4;4;4;4;4;4;3;3;3;3;3;3;3;1;3;3;3;4;2;4;4;4;3;4;4;4;3;3;4;45.9537352425644;12.65682370760266
82;POINT (-6.756851262191922 41.82233500033588);e38464d9-748f-4f12-90b9-82ac8065ca65;3;4;2;4;4;2;3;1;3;3;4;4;3;3;3;3;3;1;4;2;4;4;3;4;4;3;4;4;2;1;0; < 50.000;1;10K-20K;2;Braganca;Municipality (city/town);0.487612544477128;3;2;2;2;3;3;3;3;3;3;2;3;3;3;4;4;3;4;4;3;3;4;3;4;4;4;4;4;3;4;2;3;3;3;3;4;2;3;3;2;4;4;3;2;3;3;3;3;4;3;3;3;3;41.82233500033588;-6.756851262191922
83;POINT (-0.3597522319066504 39.41983806089648);b7deaf0d-c481-41fc-8f82-d3af212dbdec;4;4;4;4;3;3;1;3;4;4;4;4;4;4;4;4;4;3;4;3;4;4;2;4;4;4;4;4;3;4;0;500.000 - 1.000.000;5;20K-30K;3;Valencia;Municipality (city/town);0.542072956013213;1;1;2;4;4;4;1;1;4;1;4;4;3;3;2;2;3;4;3;3;3;3;4;2;2;3;4;4;4;4;4;3;3;3;4;4;3;3;3;4;2;4;4;4;4;3;2;2;4;3;4;3;4;39.41983806089648;-0.35975223190665045
84;POINT (27.204384940485117 45.69580066172632);5d5c9261-c396-421b-8d62-cac7dae2a7b7;2;3;1;3;4;1;1;1;3;1;1;1;3;1;2;2;3;1;1;4;1;2;2;1;3;2;1;4;2;1;1;50.000 - 100.000;2;< 10K;1;Focsani;Municipality (city/town);0.301405764629569;3;3;3;1;4;1;1;1;1;1;3;4;3;4;4;4;4;1;2;4;4;2;4;2;2;3;2;2;2;3;2;4;1;1;1;1;1;4;4;3;3;2;3;2;4;2;2;3;1;1;4;4;3;45.69580066172632;27.204384940485117
85;POINT (6.583109311797558 53.223275954237515);9d94ae41-ea8e-4ee6-8c94-e88c4a9a6fe9;4;3;4;2;3;3;4;3;3;3;3;3;3;2;3;2;3;2;2;4;3;4;2;3;2;1;2;4;3;1;1;100.000 - 250.000;3;40K-50K;5;Groningen;Municipality (city/town);0.46847534909943;4;3;2;4;4;1;1;1;4;1;3;1;4;2;4;4;4;3;4;2;4;3;1;1;1;1;2;1;2;1;4;4;3;1;1;4;3;3;1;3;4;1;3;4;3;2;3;3;3;3;2;2;3;53.223275954237515;6.583109311797558
86;POINT (19.514050085625424 40.719357555079704);d6f8235a-c9c0-4ae6-b984-c478dc61d76c;1;1;2;3;1;1;3;1;1;1;2;2;2;2;1;2;2;1;1;2;2;2;3;2;1;1;2;1;1;1;1;100.000 - 250.000;3;< 10K;1;Fier;Municipality (city/town);0.282888069174834;3;3;3;4;1;1;1;1;1;1;4;4;3;4;3;3;1;4;3;4;3;4;4;4;4;3;4;4;4;4;3;1;1;1;1;1;1;1;1;3;3;4;1;4;2;2;2;1;3;2;3;3;3;40.719357555079704;19.514050085625424
87;POINT (14.203655922974693 42.45590160093543);509d9fcf-5855-4114-9dc4-1a685d7ca848;2;3;3;3;3;1;1;1;2;1;1;1;1;2;2;1;1;2;3;2;2;1;4;2;4;4;2;4;1;1;1;100.000 - 250.000;3;20K-30K;3;Pescara;Municipality (city/town);0.291062907000407;3;3;3;4;4;1;4;1;4;4;4;4;3;2;2;3;4;3;3;3;2;4;4;4;4;4;4;4;4;4;1;1;1;1;4;1;1;4;4;4;3;4;3;4;4;2;3;4;3;4;4;4;4;42.45590160093543;14.203655922974693
88;POINT (-8.496926888076192 41.185092295024305);a70eb20a-5cc9-4e0f-a150-b551b3fa3cf2;1;1;2;1;1;2;3;1;2;1;1;1;1;1;1;2;3;1;3;1;3;2;4;4;1;1;1;2;1;1;0;50.000 - 100.000;2;10K-20K;2;Valongo;Municipality (city/town);0.232073126526252;3;3;3;2;3;3;3;1;3;3;2;3;1;1;1;3;1;2;2;2;3;3;3;2;2;3;4;4;1;2;4;4;1;2;1;3;2;4;1;2;1;3;4;3;3;1;2;1;2;2;2;2;2;41.185092295024305;-8.496926888076192
89;POINT (23.694609485505232 56.959520840065515);506ef1de-bc89-4e9d-b238-61e1a39c4990;3;2;4;1;1;3;4;2;4;2;2;3;1;3;1;1;1;2;1;1;2;2;2;4;2;2;1;2;2;1;0; < 50.000;1;10K-20K;2;Jurmala;Municipality (city/town);0.368372031132447;3;3;3;4;3;3;1;4;3;4;4;4;3;3;3;3;3;4;4;4;3;4;4;4;4;4;4;4;4;4;4;3;3;3;4;4;3;4;4;4;3;4;4;4;4;4;3;4;4;4;4;4;4;56.959520840065515;23.694609485505232
90;POINT (18.01235620374863 42.710650818886336);c3557154-6967-4382-80c6-00655815313c;2;3;2;4;2;2;2;3;2;2;3;3;2;3;2;2;3;1;2;1;2;3;1;1;2;2;2;2;1;4;0; < 50.000;1;10K-20K;2;Dubrovnik;Municipality (city/town);0.38193232768049;3;3;2;1;3;1;1;1;3;1;2;3;1;2;3;2;3;3;1;3;4;1;2;2;2;3;2;2;3;2;2;3;1;3;1;4;1;3;1;2;2;2;2;1;2;2;1;2;4;1;2;2;2;42.710650818886336;18.01235620374863
91;POINT (11.641596114280436 52.11646365045607);458d37dd-001b-4c8f-addf-0e50cd12130f;1;1;1;2;3;1;1;1;2;1;1;2;2;2;1;1;1;2;1;1;1;1;2;3;2;3;1;2;1;1;1;100.000 - 250.000;3;30K-40K;4;Magdeburg;Municipality (city/town);0.245801723835577;3;3;3;3;4;3;1;4;1;1;3;3;1;4;3;1;1;1;1;1;1;2;1;1;1;1;1;1;1;1;4;4;1;1;4;4;1;3;1;3;1;1;4;3;4;1;1;2;1;1;1;1;1;52.11646365045607;11.641596114280436
92;POINT (-4.341173322667047 56.244582593101214);cb8389cc-0b1a-4e2d-b1c5-c2581d3c872e;1;1;2;2;1;2;1;3;3;3;3;3;2;3;2;2;3;2;2;3;3;2;3;3;2;3;2;1;1;1;1;50.000 - 100.000;2;30K-40K;4;Stirling;Municipality (city/town);0.357432313618435;3;3;3;1;1;1;1;1;1;1;1;1;1;2;2;3;3;2;3;3;1;2;2;2;1;1;1;1;2;1;3;4;2;2;3;3;2;3;2;1;2;1;2;2;2;1;2;2;1;1;2;1;1;56.244582593101214;-4.341173322667047
93;POINT (33.4043439114758 35.18062925180132);bd4a575f-1e1f-4e51-adc3-7c6f0d0ba7af;1;1;1;2;1;1;1;3;1;2;3;4;1;4;2;2;3;1;1;2;4;3;3;4;1;2;2;1;1;1;1;100.000 - 250.000;3;20K-30K;3;Nicosia;Municipality (city/town);0.308716194004797;3;3;3;4;4;4;1;1;1;1;4;4;4;2;2;4;4;3;2;4;2;4;4;4;4;4;4;2;4;4;4;2;4;4;4;4;3;3;3;4;3;4;4;4;4;4;4;4;3;2;4;4;4;35.18062925180132;33.4043439114758
94;POINT (8.291182292053625 47.05352254313979);cba9c8e8-d1c4-4a65-a8a9-9b096a8e61ac;2;2;2;2;2;3;3;3;2;2;3;4;1;3;1;2;2;3;3;1;3;3;3;2;2;3;2;2;2;1;1;50.000 - 100.000;2;> 50K;6;Luzern;Municipality (city/town);0.380029898892185;3;3;3;1;1;1;1;1;3;1;3;1;3;4;4;3;3;4;3;3;3;3;1;4;4;4;4;4;3;4;3;4;3;3;4;4;2;4;4;2;3;3;4;3;3;3;3;3;4;2;4;3;3;47.05352254313979;8.291182292053625
95;POINT (5.721289710181427 45.18232459385522);f7c34425-3e19-47ac-a771-bcffd9611d8f;4;4;3;2;4;4;4;4;4;4;4;4;4;4;4;4;4;4;3;4;4;4;3;2;4;3;4;4;4;4;1;250.000 - 500.000;4;30K-40K;4;Grenoble metropolitan area;Metropolitan Area;0.599486306517556;1;1;1;4;4;4;4;4;4;4;4;4;3;3;4;3;3;4;4;3;3;4;4;4;4;4;4;4;4;4;2;3;3;3;4;4;3;3;3;4;4;4;3;4;4;4;4;4;4;4;4;4;4;45.18232459385522;5.721289710181427
96;POINT (3.4080688876100407 50.61615482568335);1faf2404-2554-41ea-9e5c-42dafb037892;2;3;3;2;3;2;2;2;2;2;1;2;1;2;3;3;3;2;4;3;2;1;3;3;3;3;3;3;3;1;0;50.000 - 100.000;2;20K-30K;3;Tournai;Municipality (city/town);0.362396358152333;3;3;3;4;3;1;4;1;1;4;2;1;4;4;4;4;4;4;4;4;4;3;3;3;3;2;2;3;3;2;1;1;1;4;3;1;4;3;1;4;4;3;2;4;3;3;4;3;3;4;3;3;4;50.61615482568335;3.4080688876100407
97;POINT (15.675571410734044 56.283720250993944);333023a8-c069-4049-a023-7d79c44b15ad;4;4;4;2;4;4;4;4;4;4;4;4;4;4;3;2;2;4;2;4;4;4;4;3;4;4;3;3;4;1;0;50.000 - 100.000;2;30K-40K;4;Karlskrona;Municipality (city/town);0.607545685075863;1;1;1;4;4;3;4;4;1;4;4;4;4;3;4;4;3;3;4;4;3;2;3;3;3;3;3;3;2;3;3;2;3;4;4;4;3;2;3;4;4;3;3;3;3;3;4;4;3;3;3;3;4;56.283720250993944;15.675571410734044
98;POINT (-1.1071519221519097 37.921664925430605);dda9e50b-1f85-40d8-9fb7-f672f15ccd3c;1;2;2;3;2;1;1;2;2;1;1;1;1;2;2;3;4;3;2;1;1;2;2;2;3;3;2;3;1;1;1;250.000 - 500.000;4;20K-30K;3;Murcia;Municipality (city/town);0.270320132192834;3;3;3;3;1;1;1;1;1;1;3;1;1;2;3;1;1;3;1;2;2;1;1;1;1;1;1;1;1;1;4;1;1;1;1;1;4;4;1;2;1;1;3;3;1;1;1;1;1;2;2;1;1;37.921664925430605;-1.1071519221519097
99;POINT (13.60970069818052 59.46617586137917);bb04773f-d5d1-4b7a-96d5-df49eaf4a04b;1;1;3;2;1;1;3;1;1;1;1;2;1;2;1;1;1;1;1;2;1;2;1;3;1;1;2;1;1;1;0;50.000 - 100.000;2;30K-40K;4;Karlstad;Municipality (city/town);0.255110590605382;3;3;3;4;4;4;4;4;4;4;4;4;4;4;4;4;4;4;4;4;4;4;4;3;4;4;4;4;4;4;4;4;4;4;4;4;4;4;4;4;4;4;4;4;4;4;4;4;4;4;4;4;4;59.46617586137917;13.60970069818052
100;POINT (15.627653291627693 46.56318254678025);e384f4f9-cc1f-467c-869d-d6cc40dd9f01;1;1;3;1;1;1;2;1;1;1;2;2;1;2;1;3;4;1;4;1;3;1;4;3;1;1;1;1;2;1;0;100.000 - 250.000;3;10K-20K;2;Maribor;Municipality (city/town);0.277599930876585;3;3;3;1;1;1;1;1;1;1;1;1;3;1;2;2;2;3;3;2;2;3;3;3;2;2;4;3;3;4;4;1;1;1;1;1;1;4;4;1;2;3;3;3;1;1;1;1;2;2;3;4;2;46.56318254678025;15.627653291627693
101;POINT (25.02066084311154 60.222804815015316);66c0311f-4d76-435f-8c6c-a8113ee37626;4;4;4;4;3;4;4;4;3;4;4;4;3;4;4;4;3;4;4;4;4;4;3;4;4;4;4;3;4;4;1;500.000 - 1.000.000;5;> 50K;6;Helsinki;Municipality (city/town);0.63116986600228;1;1;1;4;4;1;1;1;1;1;4;4;4;4;1;1;1;1;1;4;4;4;4;2;3;3;3;2;4;4;4;4;1;1;1;1;1;3;3;3;1;4;1;4;4;1;1;1;1;1;4;4;2;60.222804815015316;25.02066084311154
102;POINT (-0.522640822465624 39.417727351340815);dd7d5142-214a-42fa-9583-f54f5b9f57bf;3;4;4;2;3;2;3;2;3;2;2;2;2;2;3;4;3;2;4;1;3;2;2;4;3;3;2;4;3;4;1;50.000 - 100.000;2;20K-30K;3;Torrent;Municipality (city/town);0.410690340971438;3;3;2;4;4;4;4;4;4;4;4;4;4;4;4;4;4;4;4;4;4;4;4;4;4;4;4;4;4;4;4;3;3;4;4;4;3;3;1;4;4;4;4;4;4;4;4;4;4;4;4;4;4;39.417727351340815;-0.522640822465624
103;POINT (4.836351572625055 45.75467587347619);0bc82e8f-4a4d-4be9-9f14-9a0ac5da621e;4;3;3;2;4;4;4;4;3;3;2;2;2;3;4;4;4;3;4;2;3;4;2;4;4;4;3;4;4;4;1; > 1.000.000;6;40K-50K;5;Lyon metropolitan area;Metropolitan Area;0.525499061549153;4;4;1;3;3;1;3;1;1;3;1;3;4;2;3;3;1;1;4;1;1;4;3;3;3;2;2;3;1;3;4;1;4;4;1;1;4;1;1;2;1;3;2;4;1;4;3;1;1;4;1;1;2;45.75467587347619;4.836351572625055
104;POINT (12.239006315627565 55.65911195559602);ce61f923-2e16-49ea-9538-60f8a6d8d3f3;4;2;3;3;1;4;4;4;3;3;3;3;3;2;2;4;4;3;2;3;2;2;1;4;1;1;4;1;2;4;1;50.000 - 100.000;2;> 50K;6;Hoje-Taastrup;Municipality (city/town);0.46457330159628;4;3;4;3;1;1;1;1;1;1;1;1;1;1;1;1;1;1;1;1;1;1;1;1;1;1;1;1;1;1;4;4;1;1;1;1;1;4;1;1;1;1;3;2;2;1;1;1;1;1;1;1;1;55.65911195559602;12.239006315627565
105;POINT (8.754260461052342 51.73018330681303);9f13f0f0-5aa1-410f-8b21-3e4bb85c4019;3;4;4;3;4;3;2;4;2;1;1;1;3;1;2;3;4;3;3;2;2;1;3;4;2;2;2;2;2;1;1;100.000 - 250.000;3;30K-40K;4;Paderborn;Municipality (city/town);0.372942348591858;3;3;2;2;3;3;1;4;3;4;3;4;3;3;4;3;4;4;4;3;3;3;4;4;4;4;4;4;4;4;2;2;4;3;4;3;3;2;4;3;4;4;3;2;3;4;4;4;4;4;3;4;4;51.73018330681303;8.754260461052342
106;POINT (0.2665000428302847 50.776884955442505);2e222c89-6da2-4c9d-87be-fb04783a429b;2;2;3;2;2;2;2;3;1;1;1;2;2;2;1;1;1;2;1;3;1;1;1;2;1;1;2;1;1;1;1;100.000 - 250.000;3;20K-30K;3;Eastbourne;District/Parish/Ward;0.319601383859197;3;3;3;4;1;4;1;1;4;4;4;1;3;3;2;1;2;2;3;4;4;3;3;4;3;2;2;3;4;2;3;2;2;3;4;4;3;3;1;4;2;3;3;3;2;3;1;4;4;3;4;2;3;50.776884955442505;0.26650004283028467
107;POINT (6.142222782279364 46.205768058467896);44497d16-5a0c-4e30-b456-f9f29fe60d28;3;3;4;2;2;3;3;2;3;1;1;1;1;2;1;2;1;2;1;1;2;2;1;4;2;3;2;2;1;4;1;100.000 - 250.000;3;> 50K;6;Geneve;Municipality (city/town);0.32170032051282;3;3;3;4;3;1;1;1;4;3;3;4;4;4;4;4;4;4;4;4;4;3;3;3;3;4;4;3;3;3;4;3;4;3;3;4;3;4;3;3;4;3;4;4;3;4;3;3;4;4;4;4;4;46.205768058467896;6.142222782279364
108;POINT (13.018362878386018 55.56610453477372);c673ca8b-a2a0-4199-aab6-325de9a5bb82;2;2;1;2;4;2;1;3;2;4;4;4;4;3;3;2;2;3;3;4;2;2;1;4;4;4;4;4;2;1;1;250.000 - 500.000;4;30K-40K;4;Malmo;Municipality (city/town);0.455045796523738;2;2;3;4;4;4;4;4;4;4;3;4;4;2;1;1;1;3;2;4;4;3;3;4;4;4;4;4;3;4;4;3;3;3;4;4;3;4;4;4;2;4;4;4;3;2;2;3;4;3;4;4;4;55.56610453477372;13.018362878386018
109;POINT (21.20191688171918 45.76444190216354);1519f456-03ae-43ab-8a97-0c64c4c1996d;1;1;1;2;2;2;2;2;4;2;2;3;2;2;2;3;3;2;4;2;1;1;1;2;2;3;2;2;3;1;1;250.000 - 500.000;4;10K-20K;2;Timisoara;Municipality (city/town);0.326969208992034;3;3;3;3;1;1;1;1;1;1;1;1;4;3;4;4;4;4;4;4;4;4;3;2;2;2;2;2;2;3;2;3;1;1;1;1;1;3;2;1;4;2;1;3;3;3;3;3;3;3;2;3;3;45.76444190216354;21.20191688171918
110;POINT (2.166523919319071 48.73585749743657);c562d21e-999b-4f87-8df4-9a83f03ee906;3;3;2;2;3;3;2;4;2;3;4;4;3;4;3;2;1;2;2;2;4;4;4;3;3;4;3;3;2;4;1;250.000 - 500.000;4;40K-50K;5;Paris-Saclay;Unions of municipalities/Mountain communities;0.478685441583879;3;2;3;4;4;1;4;1;4;1;4;4;3;4;4;4;3;4;2;4;4;4;4;3;4;3;4;3;4;4;2;1;1;1;1;4;1;4;3;4;4;4;2;3;4;2;4;2;4;1;4;4;4;48.73585749743657;2.166523919319071
111;POINT (-8.292964201674836 41.444189624356845);7e7ec6f4-9281-4615-8f8f-d3ea62783cd5;4;4;4;4;3;4;4;4;4;4;4;3;4;4;4;3;4;3;3;4;4;4;4;4;4;4;4;3;4;1;1;100.000 - 250.000;3;10K-20K;2;Guimaraes;Municipality (city/town);0.622846048661307;1;1;1;3;3;1;4;3;3;3;3;1;1;2;1;2;3;3;4;3;1;3;2;2;3;3;2;3;3;2;3;2;2;4;3;3;2;3;2;3;2;2;2;2;1;1;3;3;2;2;3;1;2;41.444189624356845;-8.292964201674836
112;POINT (25.613539127542428 42.406594187619014);9a3f4332-7a62-48ab-b639-f26afe727fd4;1;1;1;3;1;2;2;2;3;2;3;3;3;2;2;3;3;3;3;1;2;3;3;1;1;1;2;1;4;4;0;100.000 - 250.000;3;< 10K;1;Stara Zagora;Municipality (city/town);0.332258412118246;3;3;3;3;1;1;1;1;1;1;2;1;3;4;3;4;1;4;2;1;2;3;3;3;3;4;4;3;3;3;3;3;3;4;3;3;2;1;3;1;2;3;2;2;3;2;4;2;3;2;1;2;2;42.406594187619014;25.613539127542428
113;POINT (10.156997835696687 56.16256723553746);0ed09e1e-5143-47bd-9185-e528ea7a9a21;4;4;4;4;4;4;4;4;4;4;4;4;3;3;4;3;3;4;3;3;4;4;4;1;4;3;4;4;4;1;1;250.000 - 500.000;4;40K-50K;5;Aarhus;Municipality (city/town);0.61766506724258;1;4;1;1;1;1;1;1;1;1;2;3;4;2;2;2;4;3;2;4;4;2;1;1;1;1;1;1;2;3;4;2;4;2;3;1;2;4;4;1;3;1;3;3;1;2;1;3;1;1;3;3;2;56.16256723553746;10.156997835696687
114;POINT (21.242018503397162 48.99357669012084);0d26540b-862b-4924-b5ec-4ccfc4bafbd7;3;2;2;1;3;4;3;4;3;3;2;2;2;3;3;4;4;4;4;3;3;3;3;3;2;1;2;3;4;1;0;50.000 - 100.000;2;10K-20K;2;Presov;Municipality (city/town);0.435723067016725;3;3;4;1;1;4;1;1;1;1;3;1;4;4;2;2;3;3;3;3;2;3;3;3;2;2;4;3;3;2;1;1;4;1;1;1;4;3;3;2;3;3;3;1;2;4;1;2;2;4;3;2;2;48.99357669012084;21.242018503397162
115;POINT (27.882985898529572 43.19949220446464);c93edcfa-1528-43d0-b477-08c7b1861aa2;2;2;2;1;2;3;3;4;1;1;1;1;3;1;1;2;3;3;1;2;1;1;1;1;1;1;2;2;3;1;1;250.000 - 500.000;4;< 10K;1;Varna;Municipality (city/town);0.314885863132646;3;3;3;1;1;1;1;1;3;1;3;1;4;4;3;3;1;4;4;4;1;4;4;4;4;3;4;4;4;4;3;2;3;1;1;4;2;2;3;2;3;4;2;4;3;3;3;1;4;4;4;1;3;43.19949220446464;27.882985898529572
116;POINT (16.996290660856097 51.127605299409645);89eae09e-bcd9-4885-bae0-3d3e4cfb922b;3;1;1;3;2;4;4;2;4;3;3;4;3;3;3;3;2;4;3;2;3;3;4;3;3;2;3;3;4;1;1;500.000 - 1.000.000;5;20K-30K;3;Wroclaw;Municipality (city/town);0.450453015326177;3;3;4;1;3;1;1;1;1;1;2;1;3;3;2;2;3;4;3;3;2;1;3;2;2;2;4;2;3;2;1;4;1;1;1;4;1;4;1;1;3;2;2;1;3;1;1;2;4;1;3;1;2;51.127605299409645;16.996290660856097
117;POINT (25.287258981011544 42.868858222659);08f8664d-c3b3-4426-ade1-3089462246cc;3;3;1;4;4;3;3;3;3;3;2;2;3;1;3;4;3;3;4;3;3;3;3;2;4;3;4;4;4;1;0;50.000 - 100.000;2;< 10K;1;Gabrovo;Municipality (city/town);0.426136394452724;3;3;2;4;4;4;4;4;4;4;4;1;4;4;4;3;3;4;3;4;1;4;4;2;4;4;4;2;4;2;4;2;4;4;4;4;3;2;1;4;3;3;4;4;4;4;4;4;4;3;4;1;4;42.868858222659;25.287258981011544
118;POINT (-8.131527735767074 54.65978450030555);35fca57a-7c13-482a-bb3f-4b7adce05fe7;3;2;2;3;3;3;3;4;1;4;4;4;4;4;4;3;3;3;3;3;4;3;4;4;4;4;4;3;3;4;0;100.000 - 250.000;3;20K-30K;3;Donegal;County/Province;0.528932384608855;2;1;3;2;1;1;1;1;1;1;1;1;4;4;4;4;4;4;3;4;4;4;4;4;2;2;4;1;1;2;2;4;3;4;1;3;3;4;1;1;4;3;4;3;4;4;4;3;4;2;4;3;4;54.65978450030555;-8.131527735767074
119;POINT (12.530745446635304 44.03925315158547);d278a827-6b7f-4d14-a358-1cd2efd437e1;1;1;2;1;2;2;3;1;2;2;1;2;1;1;2;3;4;1;3;2;2;2;1;4;1;2;3;1;3;4;1;100.000 - 250.000;3;30K-40K;4;Rimini;Municipality (city/town);0.298088530631269;3;3;3;2;3;1;1;1;3;1;3;1;4;1;2;2;1;1;1;3;1;1;2;2;2;2;2;2;1;2;3;1;4;4;1;1;1;2;1;2;1;1;2;2;1;4;3;1;1;1;1;1;1;44.03925315158547;12.530745446635304
120;POINT (21.151965635020936 55.707461451222315);ec189398-6f62-45ee-8c42-7454e97685cc;2;2;3;2;1;3;2;2;4;2;2;3;1;2;2;3;2;3;3;2;2;3;2;2;1;2;1;1;4;1;0;100.000 - 250.000;3;10K-20K;2;Klaipeda;Municipality (city/town);0.363016792813667;3;3;3;1;1;1;1;1;1;1;1;1;1;1;1;1;1;1;1;1;1;1;1;1;1;1;1;1;1;1;1;4;4;1;1;1;1;1;1;1;1;1;1;1;2;2;1;1;1;1;1;1;1;55.707461451222315;21.151965635020936
121;POINT (8.793174943953492 45.66284175630367);d5d99f50-94c5-4908-bf47-1ef3257aec9a;2;2;2;1;2;2;3;1;3;1;1;2;1;2;1;1;1;2;1;2;1;1;1;3;2;2;1;3;2;1;1;50.000 - 100.000;2;30K-40K;4;Gallarate;Municipality (city/town);0.291022102897103;3;3;3;3;4;3;1;3;1;1;4;4;4;4;4;4;4;4;4;4;4;1;4;2;4;4;3;2;4;4;1;3;3;2;4;4;2;3;4;3;4;4;2;1;4;3;3;4;4;3;4;4;4;45.66284175630367;8.793174943953492
122;POINT (-2.9373844613920634 43.254006818390984);1f289eca-d548-41c8-8f72-e821cf426a16;3;4;2;4;4;3;2;3;3;3;4;4;4;2;3;4;3;4;4;2;3;4;2;2;4;3;4;4;3;4;1;250.000 - 500.000;4;30K-40K;4;Bilbao;Municipality (city/town);0.494134244262001;3;3;2;3;3;3;3;4;4;4;4;4;1;2;3;2;3;3;1;3;3;3;3;3;3;4;2;2;4;2;3;3;3;3;3;3;2;2;2;4;2;3;2;2;3;2;2;3;3;2;4;3;3;43.254006818390984;-2.9373844613920634
123;POINT (22.100409469087605 65.78358552079979);baafdd85-5ce6-4010-bf36-e670fd997b45;2;3;2;3;3;1;3;2;1;2;2;2;4;3;2;1;1;2;2;4;1;2;2;2;3;3;2;3;1;1;0;50.000 - 100.000;2;40K-50K;5;Lulea;Municipality (city/town);0.359950824156553;3;3;3;1;3;1;4;4;3;4;3;3;4;2;4;4;4;4;3;4;4;1;2;3;3;3;2;2;2;2;2;2;4;4;4;3;2;2;3;3;4;2;3;1;1;4;4;4;3;2;3;3;3;65.78358552079979;22.100409469087605
124;POINT (12.395286762143085 43.13656537731848);865ed675-7506-4260-9afd-ce9f8edee778;4;4;4;3;4;3;2;4;3;2;2;3;2;2;3;3;1;4;4;3;1;1;1;3;4;4;2;4;4;1;1;100.000 - 250.000;3;20K-30K;3;Perugia;Municipality (city/town);0.433004931700244;4;3;2;4;3;3;1;4;3;3;2;1;4;2;1;1;2;2;2;1;1;2;1;3;1;1;1;3;2;1;3;1;2;1;3;4;4;1;1;3;1;1;1;4;1;1;1;2;2;3;1;1;1;43.13656537731848;12.395286762143085
125;POINT (-8.436160152952262 41.545202966491104);1414f9a6-af59-45dd-8aea-355e7f08f0ee;3;3;2;3;3;2;3;2;2;2;2;3;3;1;2;2;1;1;3;1;4;4;4;4;3;3;4;2;3;1;1;100.000 - 250.000;3;10K-20K;2;Braga;Municipality (city/town);0.39634582421822;3;3;2;4;3;4;1;1;3;3;2;3;3;4;3;4;4;3;3;3;4;2;3;3;1;1;1;3;2;3;2;3;3;1;1;4;2;1;4;3;4;2;2;2;3;3;3;3;3;2;2;3;3;41.545202966491104;-8.436160152952262
126;POINT (16.079813265118485 45.6749792899622);ad3f1897-66e5-4693-b326-acd17e208a5a;1;1;1;1;1;1;1;1;1;1;1;1;1;1;1;1;2;1;1;1;1;1;1;1;1;1;1;1;1;1;0;50.000 - 100.000;2;10K-20K;2;Velika gorica;Municipality (city/town);0.101516775112823;3;3;3;4;4;4;1;4;1;1;4;1;3;4;2;2;3;3;2;2;1;3;3;3;2;3;2;2;3;3;2;3;4;3;4;3;2;3;1;4;2;3;3;4;4;4;2;3;2;2;4;1;3;45.6749792899622;16.079813265118485
127;POINT (23.61064140877963 43.28402752952235);88dbdbdc-9524-481e-aa61-1f979772a9d7;3;3;4;3;2;3;3;2;4;3;3;3;2;2;2;3;4;3;4;2;2;4;2;1;3;2;3;3;3;1;0;50.000 - 100.000;2;< 10K;1;Vratsa;Municipality (city/town);0.420972535741991;3;3;3;4;4;4;4;4;4;4;3;4;4;3;2;3;3;2;3;3;3;4;3;4;4;4;4;4;4;3;3;3;3;3;3;3;2;2;3;4;3;4;2;3;3;3;3;3;3;3;3;3;3;43.28402752952235;23.61064140877963
128;POINT (-0.5371962043950533 38.38328413287844);0499ca59-0379-46a3-b464-8bede7ed349e;3;4;4;3;3;2;2;1;3;2;2;2;3;2;2;4;4;3;3;1;2;2;1;4;3;4;2;3;4;4;1;250.000 - 500.000;4;10K-20K;2;Alicante;County/Province;0.383196130615708;3;3;2;4;4;4;4;4;4;4;4;4;4;2;4;2;3;3;3;3;3;4;3;4;4;3;3;4;3;4;4;2;4;3;4;3;3;2;4;4;3;4;4;4;3;4;4;4;4;3;2;4;4;38.38328413287844;-0.5371962043950533
129;POINT (20.549247470726325 64.81180887353962);d6c00b28-14b0-40d7-8595-558670443d90;3;3;4;3;2;4;3;3;4;4;4;3;4;4;3;2;2;2;2;4;3;4;2;4;3;4;4;1;1;1;1;50.000 - 100.000;2;40K-50K;5;Skelleftea;Municipality (city/town);0.512342600317937;2;2;2;4;3;1;1;4;3;4;4;4;3;2;3;3;1;3;2;4;3;1;3;3;3;2;3;2;4;3;2;1;1;1;4;1;4;4;3;3;2;3;4;2;1;2;2;4;2;4;4;3;3;64.81180887353962;20.549247470726325
130;POINT (12.553556524046897 55.675442907479336);4de8b685-daf6-4e3b-a1e4-0e729577a29f;4;3;1;4;4;4;2;4;2;4;3;2;4;4;4;3;3;3;1;4;3;4;3;3;3;2;4;3;3;3;1;500.000 - 1.000.000;5;> 50K;6;Copenhagen;Municipality (city/town);0.502064548724016;1;4;4;1;1;1;1;1;1;1;1;1;3;4;3;3;3;4;3;3;3;3;3;2;3;2;4;3;3;3;2;2;3;4;3;3;4;2;3;1;3;3;3;1;3;2;3;2;3;3;2;2;2;55.675442907479336;12.553556524046897
131;POINT (15.361264259322638 60.44857143581413);fbc2cf37-379b-4644-af4b-b71984d536b5;4;4;1;4;3;4;4;4;4;3;2;1;2;3;3;4;3;4;4;3;2;2;3;3;4;4;4;3;4;1;0;50.000 - 100.000;2;30K-40K;4;Borlange;Municipality (city/town);0.482488866094871;4;4;1;2;1;1;1;1;1;1;1;1;1;4;1;4;4;1;1;4;1;2;3;3;1;1;3;3;2;3;3;2;2;1;1;3;2;1;3;1;2;2;1;1;2;1;3;3;1;1;1;1;1;60.44857143581413;15.361264259322638
132;POINT (23.610390384186953 46.78192976767667);9e9d269e-38c5-4ec5-b7e9-afb3215d9bde;3;3;2;4;3;3;2;3;3;3;3;3;3;3;2;2;1;2;3;2;3;4;3;1;3;1;4;3;3;1;0;250.000 - 500.000;4;10K-20K;2;Cluj-Napoca;Municipality (city/town);0.435508938495918;3;3;2;2;3;1;3;4;3;3;3;3;3;4;4;3;3;3;2;3;3;4;4;4;4;4;4;4;3;4;1;2;1;1;4;1;1;3;4;3;3;4;1;1;3;3;3;4;3;2;3;4;3;46.78192976767667;23.610390384186953
133;POINT (10.785082715912768 52.41072960698843);804557a9-8410-4256-9073-b84fac0b3034;1;3;2;2;4;1;1;1;1;2;2;2;2;3;2;1;2;1;1;1;3;2;4;4;3;3;1;4;1;1;1;100.000 - 250.000;3;> 50K;6;Wolfsburg;Municipality (city/town);0.316144329101591;3;3;3;3;3;3;1;1;3;3;2;3;1;2;1;1;2;2;2;1;2;3;2;2;2;2;3;2;1;3;3;3;2;2;3;2;4;1;2;3;1;2;2;2;3;1;1;2;2;3;1;2;1;52.41072960698843;10.785082715912768
134;POINT (17.52338946553986 59.12351476300865);479d06eb-d57c-4404-b472-f0bd889bc3fc;3;3;3;4;1;3;4;1;2;4;4;2;3;4;3;3;3;3;3;3;3;3;2;4;2;2;3;1;3;1;0;50.000 - 100.000;2;> 50K;6;Sodertalje;Municipality (city/town);0.47140523040186;2;2;3;1;1;1;1;1;1;1;1;1;3;3;3;3;3;4;3;3;3;2;3;3;3;3;3;3;2;3;3;2;3;3;4;3;2;1;2;1;3;3;1;2;1;2;3;3;2;2;1;2;2;59.12351476300865;17.52338946553986
135;POINT (-1.5198381187499639 52.41695461813784);86896997-74a8-458a-abff-4fdaaa084296;3;3;2;4;3;3;4;2;2;4;4;3;3;4;4;3;2;1;3;4;4;4;4;3;4;3;4;3;3;4;1;250.000 - 500.000;4;30K-40K;4;Coventry;Municipality (city/town);0.505921636778255;2;4;2;3;3;4;1;1;3;4;3;3;4;4;4;1;1;3;2;2;1;1;3;1;1;1;3;1;2;1;2;3;2;2;4;4;4;3;2;3;2;1;3;2;4;3;1;1;3;3;2;1;2;52.41695461813784;-1.5198381187499639
136;POINT (24.95056225979571 60.31331274933808);1d15416c-a530-4aa9-ae95-654886205796;3;3;3;4;2;2;2;2;3;2;3;3;1;3;2;2;4;3;1;1;3;3;1;4;3;3;3;2;1;1;0;100.000 - 250.000;3;> 50K;6;Vantaa;Municipality (city/town);0.397703763250638;3;3;2;1;1;1;1;1;1;1;1;1;4;3;3;3;3;4;3;4;4;2;3;3;3;1;3;3;2;3;4;1;1;1;1;1;1;4;4;1;3;2;3;4;1;2;2;2;2;2;3;4;2;60.31331274933808;24.95056225979571
137;POINT (11.649141798436428 44.822872655633354);9d7979a3-5c92-4169-8a23-03924c6ed61e;1;2;3;2;2;1;1;1;1;1;1;2;1;3;1;1;1;2;2;2;1;1;1;2;1;3;1;1;1;1;1;100.000 - 250.000;3;20K-30K;3;Ferrara;Municipality (city/town);0.266729455440393;3;3;3;4;4;4;4;4;4;4;4;4;4;2;1;2;3;3;2;4;3;3;3;3;3;4;4;3;2;4;3;4;4;3;4;4;3;3;3;4;2;3;4;4;4;3;3;4;4;3;4;4;4;44.822872655633354;11.649141798436428
138;POINT (33.62018592688257 34.901388761137476);7190f751-5775-4caf-8cdf-1336450676a4;1;1;1;1;1;1;1;1;1;1;1;1;1;1;1;1;1;1;2;1;1;1;1;3;1;1;1;1;1;1;0;50.000 - 100.000;2;20K-30K;3;Larnaka ;Municipality (city/town);0.0833431161816578;3;3;3;4;4;4;4;1;4;4;4;4;4;4;3;3;4;3;4;4;3;2;3;3;3;1;1;3;2;3;3;3;3;3;4;1;3;2;3;4;4;2;2;3;4;3;3;3;2;4;3;3;4;34.901388761137476;33.62018592688257
139;POINT (12.282375778545019 45.484314973990266);7c9f51c4-c7cd-4082-b0d7-c4245ebd41b6;4;4;4;2;4;4;2;4;4;3;3;3;2;2;2;4;4;4;3;1;2;3;1;4;2;3;1;3;2;4;1;250.000 - 500.000;4;30K-40K;4;Venice;Municipality (city/town);0.460788131343738;4;3;2;2;1;1;1;1;1;1;1;1;4;3;3;3;3;4;3;3;3;2;3;3;3;3;3;3;2;3;1;2;2;1;4;3;3;2;4;1;3;3;1;1;1;2;2;3;3;2;1;3;2;45.484314973990266;12.282375778545019
140;POINT (9.088689827692054 39.224983331131604);bfd45f6e-fcd2-4058-beaa-10bb1459516e;1;2;1;1;4;1;1;3;2;2;3;3;4;1;2;2;2;1;2;2;3;3;2;4;2;2;2;2;1;1;1;500.000 - 1.000.000;5;20K-30K;3;Cagliari metropolitan area;Metropolitan Area;0.348281940741039;3;3;3;1;1;1;1;1;3;1;1;1;1;1;1;2;2;2;1;2;1;1;1;1;1;1;1;1;1;1;4;2;2;2;3;1;2;1;2;1;1;1;1;2;1;1;1;2;1;1;1;1;1;39.224983331131604;9.088689827692054
141;POINT (2.2647192190919894 48.82334005898803);b2c828c9-eab1-4fcf-b9bd-d3326b636a21;3;4;4;4;3;3;3;2;2;3;3;2;4;2;3;3;4;4;2;3;2;1;4;4;3;4;3;3;2;1;1;50.000 - 100.000;2;> 50K;6;Issy-les-Moulineaux;Municipality (city/town);0.444017241405109;3;3;2;2;1;1;1;3;3;1;2;3;4;4;3;4;1;3;2;4;3;1;1;1;1;1;1;1;1;1;4;1;4;1;1;1;1;1;1;2;3;1;1;4;1;4;2;1;2;1;1;1;1;48.82334005898803;2.2647192190919894
142;POINT (-6.306425923592236 52.741809943996394);090ef376-3458-4f09-87f5-88b032f34f74;1;1;1;2;2;2;2;3;2;3;3;3;3;3;3;1;1;2;2;3;3;2;3;4;3;2;4;3;1;1;0;50.000 - 100.000;2;40K-50K;5;Limerick;Municipality (city/town);0.384884349157787;3;3;3;1;1;1;1;1;1;1;1;1;1;2;2;2;3;3;2;2;2;1;3;3;3;3;3;2;3;3;1;4;4;1;1;1;1;4;1;1;2;2;3;1;3;4;1;2;2;1;2;1;2;52.741809943996394;-6.306425923592236
143;POINT (11.2447620405691 43.7798644667641);d5cb6343-0240-40bd-9938-60226012ec5e;4;4;4;3;3;4;4;3;4;4;4;4;4;4;4;4;4;4;4;4;4;4;4;4;4;4;3;2;4;4;1;250.000 - 500.000;4;30K-40K;4;Florence;Municipality (city/town);0.606825562118301;1;1;1;2;1;1;1;1;4;1;3;1;1;1;4;1;1;3;1;1;1;1;2;2;2;2;2;1;1;2;3;1;1;1;1;4;2;3;2;2;1;1;1;2;1;2;1;1;4;1;1;1;1;43.7798644667641;11.2447620405691
144;POINT (23.636076261391242 46.06199481645769);3a944472-1952-43c3-8f23-11afd5b49c40;3;2;2;4;1;4;2;4;4;1;1;2;1;1;2;3;4;4;4;3;2;2;4;2;1;1;3;1;3;1;0; < 50.000;1;10K-20K;2;Ciugud;Municipality (city/town);0.35502342372134;3;3;4;1;1;1;1;1;1;1;3;1;1;2;1;2;3;3;1;1;1;2;3;3;3;1;1;3;2;3;1;2;3;3;1;1;3;1;4;1;1;2;1;1;1;1;2;2;1;2;1;2;1;46.06199481645769;23.636076261391242
145;POINT (18.05278775860277 53.13112909607493);e0db3b18-0c1c-4e63-8448-6ec552af3eb7;2;2;2;3;2;2;2;3;2;2;2;2;2;3;1;2;2;3;3;1;1;1;1;4;1;1;2;2;2;1;1;250.000 - 500.000;4;10K-20K;2;Bydgoszcz;Municipality (city/town);0.353830129310369;3;3;3;1;1;1;1;1;1;1;1;1;1;1;1;1;2;1;1;1;1;2;2;3;4;4;4;4;3;3;1;2;3;3;3;3;3;2;2;1;1;3;1;1;1;1;3;2;1;2;1;1;1;53.13112909607493;18.05278775860277
146;POINT (-9.704754137386535 52.26752451550926);f6fc5775-6d6d-4df2-a58c-1370f177c468;1;1;1;1;1;2;2;1;2;2;2;3;2;1;3;1;1;1;2;4;3;3;3;3;2;2;3;1;2;1;0;100.000 - 250.000;3;> 50K;6;Kerry County;County/Province;0.308496899801587;3;3;3;1;1;3;1;1;4;1;3;3;4;3;2;1;1;1;1;3;3;2;2;2;2;2;2;2;3;3;3;2;3;3;1;1;2;2;4;2;1;2;1;2;1;1;1;1;2;1;2;3;1;52.26752451550926;-9.704754137386535
147;POINT (14.038980248322806 50.65856171149728);b1c75c81-1e47-44f8-bec3-b828e37321ee;2;1;2;3;1;3;3;3;2;1;1;1;1;1;1;1;1;2;2;3;2;1;4;2;1;1;3;1;1;1;0;50.000 - 100.000;2;10K-20K;2;Usti nad Labem;Municipality (city/town);0.29467514690171;3;3;3;1;1;1;1;1;4;1;3;1;4;4;3;4;4;2;2;3;4;4;4;4;3;2;4;3;3;3;1;2;2;2;1;4;4;3;1;2;4;3;2;3;3;2;3;3;4;3;3;3;3;50.65856171149728;14.038980248322806
148;POINT (-8.469578104818579 51.89800425471537);5aa652e5-c283-416b-91fb-4f8229cf238f;3;3;3;3;2;4;3;4;2;4;4;4;4;4;3;2;1;3;1;4;3;4;2;2;2;3;3;1;2;4;1;100.000 - 250.000;3;> 50K;6;Cork;Municipality (city/town);0.538826078146391;2;2;4;3;4;4;4;4;3;3;4;4;4;3;4;3;3;4;4;4;3;4;4;4;4;4;4;4;4;4;4;3;3;3;4;4;4;4;4;4;4;4;4;4;4;4;4;4;4;4;4;4;4;51.89800425471537;-8.469578104818579
149;POINT (11.333724647741724 44.497863001271774);f50ba5de-64d2-4c77-9abe-d7ac1b24d4c6;4;4;4;2;4;4;3;4;4;2;2;2;3;2;3;4;4;4;4;2;3;2;3;4;3;4;2;3;3;1;1;250.000 - 500.000;4;40K-50K;5;Bologna;Municipality (city/town);0.441975304651775;4;3;2;1;1;1;1;1;1;1;3;1;3;1;1;1;2;2;1;1;1;3;2;2;2;2;2;2;1;2;4;1;1;1;1;1;1;1;1;2;1;1;1;3;1;1;1;1;1;1;1;1;1;44.497863001271774;11.333724647741724
150;POINT (26.67710218097626 47.74405428565858);6c707420-eb86-4395-965d-112884fb58f4;1;1;2;1;1;2;2;1;4;1;1;2;1;2;2;2;2;3;1;3;1;3;2;1;1;1;1;1;2;1;1;100.000 - 250.000;3;< 10K;1;Botosani;Municipality (city/town);0.279177703509046;3;3;3;4;4;4;4;1;3;1;1;1;1;1;2;1;1;1;1;1;1;4;4;4;4;4;2;4;4;4;3;3;3;4;1;2;2;4;4;3;1;4;4;3;3;3;4;2;1;1;3;3;3;47.74405428565858;26.67710218097626
151;POINT (14.430183724959644 45.344523965601);04aedc7e-7f28-4129-bb0e-5671b84e7e8f;3;2;2;2;2;3;2;4;4;2;2;3;2;2;1;3;4;3;2;1;3;3;3;3;2;3;3;1;2;1;1;100.000 - 250.000;3;10K-20K;2;Rijeka;Municipality (city/town);0.377117632469654;3;3;3;1;4;3;4;1;4;1;4;3;4;3;4;3;1;4;2;4;3;3;4;4;3;3;4;2;4;4;1;4;1;1;1;1;2;3;4;4;3;4;2;2;4;3;3;1;4;2;4;4;4;45.344523965601;14.430183724959644
152;POINT (16.000044301054178 45.809982134502455);f3e0eb0b-4a26-4fbd-af5d-d18448e3769b;2;2;2;3;1;3;2;3;3;3;3;4;3;3;2;2;2;1;3;1;2;1;3;4;2;4;2;1;2;1;1;500.000 - 1.000.000;5;20K-30K;3;Zagreb;Municipality (city/town);0.395477818596844;3;3;3;2;3;4;1;1;3;3;2;3;3;3;1;4;1;1;2;1;1;2;1;3;1;1;1;1;1;3;3;2;4;2;3;3;2;1;2;2;1;1;1;2;1;3;2;1;1;1;1;1;1;45.809982134502455;16.000044301054178
153;POINT (17.364432805651973 48.67790313981248);986af195-2a11-41f0-8e0d-7622324422ae;1;1;1;1;1;1;1;1;2;1;1;1;1;2;1;1;2;1;2;1;2;2;2;2;1;1;1;1;2;1;0; < 50.000;1;10K-20K;2;Senica;Municipality (city/town);0.198646769783412;3;3;3;3;3;1;1;3;3;3;3;1;3;3;4;1;3;3;4;3;1;4;2;2;2;2;2;3;3;2;4;4;1;1;1;3;4;1;1;2;2;2;2;4;3;2;1;2;2;4;2;1;2;48.67790313981248;17.364432805651973
154;POINT (27.589818589990767 47.157262809472236);92368062-582b-443b-9358-f664c113f8a0;3;3;3;4;2;3;2;4;3;4;4;4;3;4;3;3;2;3;4;2;3;4;2;2;3;4;4;1;2;1;1;250.000 - 500.000;4;< 10K;1;Iasi;Municipality (city/town);0.499933809070604;2;2;2;3;1;1;4;4;4;3;2;3;3;2;2;2;3;4;2;4;1;1;1;1;1;1;1;1;1;1;2;2;4;3;3;3;2;3;4;3;2;1;4;1;1;2;2;3;3;2;2;2;2;47.157262809472236;27.589818589990767
155;POINT (2.9252114666294076 51.20969399754846);05977b9b-7362-4c1d-8c73-0a1b806770d7;2;1;2;1;1;2;2;3;2;2;2;3;2;2;1;2;3;2;2;1;2;1;2;4;1;1;2;1;3;1;1;50.000 - 100.000;2;30K-40K;4;Oostende;Municipality (city/town);0.323208343552554;3;3;3;3;4;3;4;3;4;3;4;4;3;3;2;3;3;4;3;3;3;1;2;2;2;3;2;2;2;2;4;1;4;3;1;1;3;4;4;4;3;1;4;3;1;3;3;2;3;2;4;4;3;51.20969399754846;2.9252114666294076
156;POINT (14.480143311976613 48.980515068319185);fe7d07aa-bbd4-42a8-bcb9-e5f89dfe564c;1;1;1;2;1;1;2;1;1;1;1;1;1;1;1;3;3;3;3;1;1;1;1;3;1;1;1;3;3;1;0;50.000 - 100.000;2;10K-20K;2;Ceske Budejovice;Municipality (city/town);0.188678695436508;3;3;3;4;4;4;4;4;4;4;4;1;4;4;4;4;4;4;4;4;4;4;4;4;4;4;4;4;4;3;3;4;4;4;4;4;4;2;1;4;4;4;4;4;4;4;4;4;4;4;4;3;4;48.980515068319185;14.480143311976613
157;POINT (13.330502312439545 38.13067025578796);33a38f46-129c-49be-a964-febeeb40cde2;3;4;4;3;4;2;3;2;3;2;2;2;2;3;3;3;2;3;4;3;1;2;2;1;4;4;2;4;4;1;1;500.000 - 1.000.000;5;10K-20K;2;Palermo;Municipality (city/town);0.420586695694691;3;3;2;3;3;3;1;1;4;3;3;1;4;2;2;1;3;1;2;4;2;4;4;3;4;4;4;4;4;4;4;2;3;3;4;3;3;3;1;3;2;4;3;4;2;3;1;4;3;3;4;2;3;38.13067025578796;13.330502312439545
158;POINT (2.151090820279271 41.401077314509145);bd175094-b53f-4067-9eab-465ea06a948c;4;4;2;4;4;4;4;4;4;4;4;4;3;4;4;4;3;4;4;3;4;4;4;4;4;4;4;4;4;4;1; > 1.000.000;6;30K-40K;4;Barcelona;Municipality (city/town);0.624190330400808;1;1;1;2;4;4;1;3;3;4;4;1;4;4;4;4;4;4;4;4;4;1;2;2;2;2;2;2;2;2;3;2;3;2;3;3;3;3;2;3;4;2;1;3;3;3;2;3;3;3;3;2;3;41.401077314509145;2.151090820279271
159;POINT (16.566994037174442 59.62823516030434);1a1892d9-3e79-4db8-968b-270ca8438da1;2;2;2;2;2;2;4;1;2;3;4;3;3;4;3;1;1;1;1;4;2;3;2;3;3;3;3;3;2;1;0;100.000 - 250.000;3;30K-40K;4;Vasteras;Municipality (city/town);0.42127710946461;3;2;3;4;3;1;4;1;4;4;3;1;4;4;4;3;1;2;1;2;1;4;2;2;4;2;4;2;1;2;3;1;1;2;3;1;2;1;1;3;2;2;1;4;2;2;3;1;2;1;1;1;1;59.62823516030434;16.566994037174442
160;POINT (12.235148898325424 44.13042779888753);a5c287c5-0ac6-4a47-82ab-9c8f16943e9f;2;2;3;1;2;2;2;2;3;3;3;3;4;2;2;3;4;1;3;3;2;2;2;3;1;2;2;1;3;1;1;50.000 - 100.000;2;30K-40K;4;Cesena;Municipality (city/town);0.374757541240078;3;3;3;4;4;3;3;3;4;4;4;4;4;4;4;4;4;4;4;4;4;4;4;4;4;4;4;4;4;4;2;3;3;3;3;4;2;4;2;4;4;4;2;4;4;4;4;4;4;4;4;4;4;44.13042779888753;12.235148898325424
161;POINT (18.438874968319304 49.785691399063246);1e68a27a-85e7-4222-80a4-991d3c22fe89;1;1;2;1;1;1;1;3;1;1;1;2;1;2;1;1;1;1;1;1;2;2;2;3;1;1;3;1;1;1;0;50.000 - 100.000;2;10K-20K;2;Havirov;Municipality (city/town);0.246858461272524;3;3;3;1;3;1;1;1;1;1;2;3;3;4;1;3;3;3;3;4;3;2;1;2;3;3;3;3;3;3;2;3;3;3;3;3;2;3;2;1;3;2;1;1;3;1;2;3;2;2;2;2;2;49.785691399063246;18.438874968319304
162;POINT (-7.259565113311269 52.65065908410193);8d7970b9-0192-443f-ac57-6fa59a370aaf;1;1;1;1;2;1;2;1;2;1;1;1;2;1;1;1;1;3;1;2;1;1;2;4;2;2;1;2;2;1;0; < 50.000;1;40K-50K;5;Kilkenny;Municipality (city/town);0.238314398275336;3;3;3;4;3;1;1;1;1;1;1;1;3;3;4;3;3;4;3;3;3;4;2;3;3;4;3;4;3;3;3;4;2;2;3;3;2;1;2;2;3;3;1;4;3;3;2;3;3;2;1;2;3;52.65065908410193;-7.259565113311269
163;POINT (-0.3497155767116633 43.320072626657044);bcb3f1ab-d2ba-467b-8b3e-59d7a6b838a4;1;1;1;1;1;1;1;2;1;1;1;2;2;2;1;1;1;1;3;1;1;1;1;3;1;2;2;1;2;1;1;50.000 - 100.000;2;30K-40K;4;Pau;Municipality (city/town);0.216544955334018;3;3;3;1;1;1;1;1;1;1;1;1;3;1;3;3;3;1;3;3;3;1;3;2;2;2;2;2;3;2;3;1;4;3;3;1;1;1;1;1;2;2;1;2;1;3;3;2;1;1;1;1;1;43.320072626657044;-0.3497155767116633
164;POINT (-7.3597880522673185 54.820255714669);2226891c-2b8e-41f7-a89a-d4959c449b60;4;2;3;2;2;4;4;4;3;4;4;4;4;4;4;4;3;4;3;3;4;4;3;3;3;4;4;2;3;4;1;100.000 - 250.000;3;20K-30K;3;Derry;Municipality (city/town);0.549090126609275;1;1;4;1;1;1;1;4;1;4;4;1;1;1;1;1;1;1;1;4;4;2;2;2;2;4;2;2;3;2;1;4;4;1;1;1;2;3;1;4;1;2;3;1;2;3;1;4;1;1;4;3;2;54.820255714669;-7.3597880522673185
165;POINT (-21.719057402253036 64.16871533162906);37199a73-7e3b-4a00-b211-4428805cfb26;4;4;3;3;4;3;3;4;3;4;4;4;4;3;3;2;2;3;3;2;4;4;4;4;3;3;2;4;2;1;1;100.000 - 250.000;3;> 50K;6;Reykjavik;Municipality (city/town);0.510929201466426;1;2;2;1;1;1;1;1;1;1;1;1;1;1;1;1;1;1;1;1;1;1;1;1;1;1;1;1;1;1;4;1;1;1;1;1;1;4;4;1;1;1;3;1;1;1;1;1;1;1;1;2;1;64.16871533162906;-21.719057402253036
166;POINT (13.37269614032537 49.74023903710552);772158b5-eabc-448f-b4b1-895674779333;4;4;4;4;4;4;4;4;3;4;4;3;4;3;4;4;2;4;3;4;2;2;2;3;3;4;3;2;3;4;1;100.000 - 250.000;3;10K-20K;2;Pilsen;Municipality (city/town);0.590687308827474;1;1;1;1;1;1;1;1;1;1;1;1;3;2;3;3;3;1;1;3;2;4;4;4;3;2;2;2;3;4;1;1;4;1;1;1;1;3;4;1;2;3;3;1;1;4;2;2;1;1;2;4;2;49.74023903710552;13.37269614032537
167;POINT (18.735078898069037 48.701594665698416);b1fd8b06-fa1d-4418-a7d1-3e113d4194cb;1;1;1;1;1;1;1;3;1;1;1;2;1;2;1;3;3;1;3;1;2;3;2;2;1;1;1;1;4;1;0; < 50.000;1;10K-20K;2;Handlova;Municipality (city/town);0.217187061304708;3;3;3;4;4;4;4;1;4;4;3;4;1;2;3;2;3;3;3;3;3;1;3;3;3;3;2;2;1;2;1;4;1;4;1;1;4;1;1;4;2;2;3;1;4;3;4;2;2;4;1;2;3;48.701594665698416;18.735078898069037
168;POINT (21.599476126975922 57.405334216964896);ee0f550f-05ad-4067-b109-61e5e5c41e02;3;4;4;3;4;3;2;2;4;4;4;4;4;4;4;3;4;3;4;3;4;4;1;4;4;3;3;4;3;1;0; < 50.000;1;10K-20K;2;Ventspils;Municipality (city/town);0.511475076422534;2;1;2;1;3;1;1;1;1;1;2;3;1;2;1;1;3;2;1;2;2;1;2;2;2;2;2;2;2;3;1;4;1;4;1;1;1;1;4;1;1;1;3;1;3;1;3;2;1;1;1;4;1;57.405334216964896;21.599476126975922
169;POINT (26.619140039810524 58.38778877673095);40653997-270d-47ab-a4ef-3e3e6757b17c;4;2;4;4;1;4;4;4;4;3;3;3;2;2;4;4;4;3;4;3;4;4;4;4;2;2;3;2;3;4;0;50.000 - 100.000;2;10K-20K;2;Tartu;Municipality (city/town);0.512775737045498;4;4;4;2;1;1;1;4;3;3;3;1;3;3;4;3;3;4;3;3;3;4;4;4;4;4;4;4;4;4;3;2;3;4;4;3;2;1;3;3;3;4;3;3;3;3;4;4;4;3;2;3;4;58.38778877673095;26.619140039810524
170;POINT (13.83829450866681 45.50971959958995);dbf50ed1-878f-40bb-872f-32415e4b628d;3;3;3;3;3;2;3;2;2;3;2;2;3;3;3;1;1;2;3;4;2;2;3;4;3;4;3;3;2;1;0;50.000 - 100.000;2;20K-30K;3;Koper;Municipality (city/town);0.41454543883971;3;3;2;4;4;4;4;4;4;4;4;4;3;3;4;4;3;4;3;4;3;2;3;3;3;3;3;3;2;3;2;1;4;4;3;1;1;2;4;4;3;3;2;3;2;4;4;3;4;3;3;4;4;45.50971959958995;13.83829450866681
171;POINT (0.1329407830887125 52.199357626993134);84a959d6-2756-433a-a1e7-22d5fc2043fa;4;3;3;4;2;4;4;3;4;3;3;3;3;3;3;3;4;4;1;4;3;4;3;2;2;1;3;2;3;4;1;500.000 - 1.000.000;5;30K-40K;4;Cambridge metropolitan area;Metropolitan Area;0.522267004169578;4;3;1;1;1;1;1;1;1;1;1;1;1;1;1;1;1;1;1;1;1;1;1;1;1;1;1;1;1;1;4;2;2;2;3;3;4;3;2;1;1;1;2;1;1;1;1;1;1;2;1;1;1;52.199357626993134;0.13294078308871252
172;POINT (15.843578610188523 50.20799459048266);9bc3b0ef-77da-4ad5-82ea-839fe4792000;1;1;1;2;1;1;1;1;1;1;1;1;1;2;1;2;2;1;2;2;1;1;1;2;1;2;1;1;1;1;0;50.000 - 100.000;2;10K-20K;2;Hradec Kralove;Municipality (city/town);0.195009540007243;3;3;3;4;3;3;4;1;4;3;4;1;4;2;4;4;3;3;4;3;2;2;3;3;3;1;3;3;2;1;2;3;1;1;1;1;4;2;1;4;3;2;2;3;3;2;4;2;2;4;3;1;3;50.20799459048266;15.843578610188523
173;POINT (22.492938185691585 58.37762377187803);ea25509f-7b86-4d22-85e0-c95fbb3e17f3;2;3;4;1;3;2;4;1;2;2;2;2;4;2;2;1;1;1;2;4;2;2;3;2;2;1;1;4;1;1;0; < 50.000;1;10K-20K;2;Saaremaa;Municipality (city/town);0.367857807219786;3;3;3;1;1;1;1;1;1;1;1;1;1;1;1;1;1;1;1;1;1;2;2;2;3;2;3;3;3;3;3;4;1;3;1;2;2;1;4;1;1;2;2;1;2;1;1;1;1;1;1;2;1;58.37762377187803;22.492938185691585
174;POINT (19.984985839765553 50.05317644729489);b242055f-790e-41bf-a3ae-bed1c196244f;3;2;2;1;3;4;2;4;4;3;3;2;3;3;3;3;3;3;3;3;3;2;3;4;4;4;2;4;3;1;1;500.000 - 1.000.000;5;20K-30K;3;Krakow;Municipality (city/town);0.43659757410799;3;3;4;4;1;1;1;1;1;1;1;1;4;4;4;4;4;4;4;4;4;3;1;1;1;2;2;2;1;2;3;1;1;4;1;1;1;1;1;2;4;1;1;4;1;2;3;3;2;2;1;2;2;50.05317644729489;19.984985839765553
175;POINT (26.619140039810524 58.38778877673095);073bc5a7-536c-487d-95b1-6b8b10db8598;4;3;4;4;2;4;4;3;4;4;4;4;4;3;4;4;4;4;3;3;4;3;4;4;2;3;3;1;4;4;0;50.000 - 100.000;2;10K-20K;2;Tartu;Municipality (city/town);0.5705202848792;1;1;1;2;3;1;1;1;3;3;2;3;3;2;3;2;3;3;4;3;3;3;3;3;3;4;4;3;3;4;3;2;3;3;3;3;3;2;3;2;3;3;2;2;2;2;2;3;3;3;2;3;2;58.38778877673095;26.619140039810524
176;POINT (22.492938185691585 58.37762377187803);e327b54f-b9bf-4eb3-869e-51725de5a626;2;2;3;2;2;3;3;2;3;2;1;1;4;1;3;4;3;3;3;3;3;3;3;3;2;2;2;3;3;4;0; < 50.000;1;10K-20K;2;Saaremaa;Municipality (city/town);0.36671568727206;3;3;3;4;4;4;4;4;4;4;4;4;4;4;4;4;3;4;3;4;4;3;4;4;2;4;2;4;4;2;4;2;4;2;4;4;3;4;4;4;4;3;4;4;3;4;3;4;4;4;4;4;4;58.37762377187803;22.492938185691585
177;POINT (15.627653291627693 46.56318254678025);979b772a-3855-4bf8-9db6-59dc02548aba;1;1;1;1;1;1;1;1;1;1;1;2;1;2;1;2;3;1;1;1;1;1;2;2;1;1;1;2;2;1;0;100.000 - 250.000;3;10K-20K;2;Maribor;Municipality (city/town);0.163503784563067;3;3;3;3;4;4;4;4;4;4;3;3;4;3;3;4;2;1;1;4;4;3;3;3;3;4;2;3;4;4;3;1;4;2;3;1;2;2;2;4;3;3;1;4;2;4;3;3;1;2;3;3;3;46.56318254678025;15.627653291627693
178;POINT (9.172879515579762 45.46849377011358);5a885880-7909-4913-811e-8264deba3673;4;3;3;3;3;4;4;4;4;4;4;4;4;4;4;4;4;3;4;4;4;4;4;4;3;4;3;3;4;1;1; > 1.000.000;6;> 50K;6;Milano;Municipality (city/town);0.607444047425206;1;1;1;1;3;4;1;1;4;4;3;1;4;3;4;4;4;4;4;4;4;4;4;4;4;4;4;4;4;2;4;2;4;1;1;4;3;4;1;3;4;4;4;4;3;4;3;3;4;4;4;3;4;45.46849377011358;9.172879515579762
179;POINT (-9.135344690549895 38.712053235974196);5b5dc9a6-4c01-44e3-bb2f-f377daa6beec;4;4;4;4;4;4;4;4;2;4;3;4;3;3;4;4;4;4;4;4;3;2;3;3;4;2;4;3;4;4;1;500.000 - 1.000.000;5;20K-30K;3;Lisbon;Municipality (city/town);0.558167755923271;1;4;1;4;3;3;4;4;1;4;2;1;3;3;4;4;3;1;3;4;1;1;3;3;3;3;1;3;2;1;3;2;1;4;4;1;4;1;1;3;2;2;2;2;2;2;4;3;1;4;1;1;2;38.712053235974196;-9.135344690549895
180;POINT (15.193951482988052 45.78093983933193);8d7f65fb-c7cf-4245-aa5c-c0ea4f21b3d4;4;3;3;3;4;4;3;4;4;3;3;3;2;3;3;4;2;4;3;3;2;3;2;2;3;3;3;3;4;4;0; < 50.000;1;20K-30K;3;Novo mesto;Municipality (city/town);0.505875671220799;4;3;1;2;3;3;3;4;4;3;3;3;4;4;4;4;4;4;4;4;4;1;1;1;1;1;1;1;1;1;1;4;1;1;4;1;1;1;4;3;4;1;3;1;4;2;2;4;3;2;1;4;3;45.78093983933193;15.193951482988052
181;POINT (14.562936561492776 46.05424771335781);dc770a9a-2acd-4a0a-a9c8-5b609421bd81;3;3;4;3;2;3;3;3;4;3;3;4;3;2;4;4;3;3;4;4;3;4;3;3;3;2;4;3;4;4;1;250.000 - 500.000;4;30K-40K;4;Ljubljana;Municipality (city/town);0.484535395081045;3;4;2;1;1;1;1;1;1;1;2;1;3;3;2;3;2;2;2;2;1;1;1;1;1;1;1;1;1;1;4;1;4;1;1;1;1;4;1;1;2;1;3;3;1;3;1;1;1;1;2;1;1;46.05424771335781;14.562936561492776
182;POINT (17.812349274203427 48.592934251832915);c3f09178-f321-44c0-9e42-fc3609ca3453;2;2;4;2;1;1;3;1;1;1;1;2;2;2;1;1;1;3;2;2;1;1;1;2;1;2;1;1;1;1;0; < 50.000;1;10K-20K;2;Piestany;Municipality (city/town);0.286188516344766;3;3;3;1;3;1;1;1;1;1;1;1;1;1;1;1;1;1;1;2;1;1;1;1;1;1;1;1;1;1;1;4;1;1;1;1;2;2;4;1;1;1;2;1;2;1;1;1;1;1;1;3;1;48.592934251832915;17.812349274203427
183;POINT (20.29497104806509 49.06320855542237);ab5c313e-0db0-414c-8b74-9c6591ff4990;2;3;2;4;4;1;1;2;2;1;1;1;1;1;2;3;2;3;3;2;2;1;3;3;3;2;3;3;3;1;1;50.000 - 100.000;2;10K-20K;2;Poprad;Municipality (city/town);0.308038292640774;3;3;2;4;1;1;1;4;4;4;4;1;3;2;2;2;3;3;4;2;1;4;4;4;4;4;4;4;4;4;3;1;1;4;4;1;4;1;1;4;2;4;3;4;2;2;4;4;4;4;3;1;4;49.06320855542237;20.29497104806509
184;POINT (-0.220588489095935 52.3737386824832);4a71664e-85be-4631-9c6f-c3c907a6daca;1;1;1;1;2;1;1;3;2;2;3;2;4;2;2;1;1;1;2;3;2;2;1;4;2;1;1;3;1;1;1;100.000 - 250.000;3;30K-40K;4;Huntingdonshire;District/Parish/Ward;0.309236520713083;3;3;3;1;1;1;1;1;1;1;1;1;2;2;1;1;2;3;1;2;2;2;2;2;3;3;3;2;2;3;4;1;1;1;1;1;4;4;1;1;2;2;3;3;1;1;1;2;2;3;3;1;2;52.3737386824832;-0.22058848909593498
185;POINT (20.530242583990727 49.27843344179747);ce9d617a-1a91-43ac-b62d-4f7552637f92;1;1;2;1;1;1;1;1;2;1;1;2;1;2;1;2;3;1;1;1;1;2;1;2;1;1;1;1;2;1;0; < 50.000;1;10K-20K;2;Podolinec;Municipality (city/town);0.210096852187845;3;3;3;3;3;1;4;4;4;1;4;1;4;3;4;2;3;2;2;4;4;4;4;4;4;4;4;3;4;3;2;1;2;4;4;1;3;3;2;4;3;4;4;3;2;3;4;4;3;2;4;2;4;49.27843344179747;20.530242583990727
186;POINT (18.578643298954514 48.793351032359595);de2aa451-cf32-4cf8-8c9b-f189328c11ee;1;1;1;1;1;1;1;1;3;1;1;1;1;1;1;3;2;1;4;1;1;1;2;3;1;1;1;1;4;1;0; < 50.000;1;10K-20K;2;Bojnice;Municipality (city/town);0.172773810646054;3;3;3;3;3;1;4;1;3;1;1;4;3;1;1;1;1;1;1;1;1;3;3;3;3;3;4;2;2;3;4;1;1;1;1;1;1;1;4;3;1;3;1;4;1;1;1;1;2;1;1;4;1;48.793351032359595;18.578643298954514
187;POINT (18.241493870519605 46.087361047175214);f6349c53-a470-47dd-9aa1-e96599346498;1;1;1;1;1;1;1;1;1;1;2;2;2;1;1;1;1;1;1;2;1;3;1;1;1;1;2;1;2;1;1;100.000 - 250.000;3;< 10K;1;Pecs;Municipality (city/town);0.211564503205128;3;3;3;1;1;1;1;1;1;1;1;1;1;1;2;1;1;1;1;2;1;1;1;1;1;1;1;1;1;1;1;4;3;3;1;2;3;2;1;1;1;1;2;1;2;1;1;1;1;2;1;1;1;46.087361047175214;18.241493870519605
188;POINT (7.678014878059062 45.0718514388205);7529f572-554f-4a90-80aa-8c3b1712b267;3;4;3;2;4;3;3;4;2;3;2;2;3;1;3;4;4;3;4;3;3;2;3;4;3;2;2;4;4;1;1; > 1.000.000;6;30K-40K;4;Turin metropolitan area;Metropolitan Area;0.423460872222821;3;3;2;1;1;1;1;1;1;1;1;1;4;4;4;3;4;4;2;4;4;3;3;3;3;2;2;3;3;3;4;4;4;3;1;4;3;3;3;1;4;3;4;3;3;3;3;3;3;3;3;3;3;45.0718514388205;7.678014878059062
189;POINT (20.60931829851188 50.86114936149246);3f9acd9a-4e5c-40b4-928e-d79d52c206e3;3;3;1;3;3;4;4;4;2;2;2;2;3;3;3;3;4;4;3;2;4;2;4;4;1;1;2;2;4;1;1;100.000 - 250.000;3;10K-20K;2;Kielce;Municipality (city/town);0.425554630809686;3;3;3;1;1;1;1;1;1;1;4;4;3;2;2;2;3;3;2;2;2;2;2;2;2;3;2;2;2;3;2;2;2;2;3;3;4;3;4;3;2;1;3;1;1;1;1;2;2;3;4;4;2;50.86114936149246;20.60931829851188
190;POINT (4.70591897515724 50.881728590618245);664e4f1a-963d-4630-acca-ff880fbc4952;3;2;2;1;2;4;4;4;4;3;2;3;3;1;3;2;1;2;1;3;4;3;4;4;2;1;3;3;3;4;1;100.000 - 250.000;3;30K-40K;4;Leuven;Municipality (city/town);0.455847034620472;3;3;4;1;1;1;1;1;1;4;2;3;2;2;4;2;1;3;2;2;2;2;1;1;3;1;1;3;2;1;3;2;4;2;1;3;4;4;2;2;2;1;4;2;1;4;2;1;2;4;2;1;2;50.881728590618245;4.70591897515724
191;POINT (22.949595715081195 40.62392621076022);d5bcfd34-c6ef-48cd-bcd1-86756a09b40d;2;1;1;1;3;3;2;3;3;2;2;4;1;2;2;3;2;3;3;1;2;2;1;3;2;2;2;2;4;1;1;250.000 - 500.000;4;10K-20K;2;Thessaloniki;Municipality (city/town);0.34836674936583;3;3;3;1;1;1;1;1;4;3;2;3;3;2;3;4;3;3;2;1;1;2;3;1;1;1;1;1;1;1;1;4;4;2;3;3;3;1;1;2;2;1;3;1;3;4;2;2;2;2;1;1;1;40.62392621076022;22.949595715081195
192;POINT (23.73587469597306 37.988923683671864);524eb348-ffd9-408e-9d2c-a9429a98dce8;2;2;1;3;2;2;1;2;4;3;3;3;2;2;2;2;2;1;1;1;3;4;3;3;2;2;4;2;1;4;1;500.000 - 1.000.000;5;30K-40K;4;Athens;Municipality (city/town);0.359919745304397;3;3;3;1;3;1;1;1;1;1;2;1;3;3;4;4;4;4;3;3;4;3;3;4;4;4;4;4;3;4;3;2;2;4;4;3;2;1;4;1;4;4;2;3;2;3;4;4;3;3;1;3;3;37.988923683671864;23.73587469597306
193;POINT (-5.682514234027667 43.49998195193481);0fbf7a5e-2b84-424f-b514-f38ec9af8a66;2;3;4;1;3;2;2;2;3;3;3;4;2;4;3;4;4;4;4;1;2;2;2;4;4;4;3;4;3;4;1;250.000 - 500.000;4;20K-30K;3;Gijon;Municipality (city/town);0.442336850751373;3;3;2;1;3;3;1;1;1;1;3;3;3;2;3;1;1;1;1;3;2;1;3;4;3;3;1;1;3;2;1;4;3;2;3;3;2;3;4;2;1;2;2;1;3;3;1;1;1;1;3;2;1;43.49998195193481;-5.682514234027667
194;POINT (4.37528723708165 50.8730490177911);a629629c-c832-4907-ae9f-816de93b0ac7;3;2;3;2;2;3;2;2;4;3;3;3;2;3;3;4;4;3;4;3;4;3;3;4;1;1;1;2;3;4;1; > 1.000.000;6;> 50K;6;Bruxelles;Municipality (city/town);0.440112673671191;3;3;3;3;4;4;4;4;3;3;4;4;4;3;4;3;3;4;4;4;3;4;4;4;4;4;4;4;4;4;4;4;3;3;4;4;4;4;4;4;4;4;4;4;4;4;4;4;4;4;4;4;4;50.8730490177911;4.37528723708165
195;POINT (32.42835718949102 34.775444750498195);db9acbde-23e0-4dfc-927a-d2a31af0f685;1;1;2;2;1;1;1;1;1;2;3;4;1;4;1;1;1;2;1;1;1;2;1;3;1;2;1;1;1;1;0; < 50.000;1;20K-30K;3;Pafos;Municipality (city/town);0.291352485477485;3;3;3;4;3;4;4;1;4;4;3;1;3;1;2;1;3;4;3;4;1;4;2;2;4;3;2;4;3;2;4;1;1;1;1;4;1;2;4;3;2;3;4;4;1;2;2;2;4;3;3;3;3;34.775444750498195;32.42835718949102
196;POINT (24.860036971900453 44.85601374616294);920c5a4f-3c5b-478f-afee-ab4737978e03;1;1;2;1;2;2;3;1;2;1;1;2;1;2;1;1;1;3;2;2;2;2;2;3;1;1;1;1;2;1;0;100.000 - 250.000;3;< 10K;1;Pitesti;Municipality (city/town);0.259164919282107;3;3;3;3;4;4;4;1;3;4;3;3;1;4;4;3;3;2;2;1;1;3;3;3;3;2;4;3;3;3;2;3;4;4;1;3;4;2;3;3;2;3;4;2;4;4;4;2;3;4;1;2;3;44.85601374616294;24.860036971900453
197;POINT (19.85206588385532 39.637346677013625);905ddde6-d353-4bd5-8747-1ff9ed025438;1;1;1;2;2;1;1;1;1;1;1;2;1;2;1;2;3;1;1;1;1;1;2;2;2;2;1;3;1;1;0; < 50.000;1;10K-20K;2;Central Corfu and Diapontia Islands;Municipality (city/town);0.229327388042921;3;3;3;1;1;4;1;1;4;1;3;4;3;4;4;3;3;4;3;4;4;2;2;3;2;2;2;2;2;3;3;1;3;2;3;1;4;1;4;3;4;2;1;2;1;3;2;2;3;3;2;4;2;39.637346677013625;19.85206588385532
198;POINT (21.04792868796877 52.229560827960604);e601a94e-1d76-4a56-a5f3-5d435c340ee2;4;4;3;4;4;4;4;3;3;4;4;4;4;4;4;4;3;3;4;3;4;4;4;3;4;4;4;4;4;4;1; > 1.000.000;6;30K-40K;4;Warsaw;Municipality (city/town);0.610025040931291;1;1;1;2;1;1;3;3;3;3;2;3;3;1;3;2;2;2;3;1;2;3;3;2;4;3;3;2;3;3;1;1;4;4;4;3;3;3;3;2;1;3;4;1;1;4;3;2;2;2;2;2;2;52.229560827960604;21.04792868796877
199;POINT (-3.6964581717481586 40.46528644024413);a4db86cd-08f8-44ee-b8fd-6c85816d7572;4;4;4;4;4;4;4;4;4;4;4;4;2;4;4;4;4;4;4;3;4;4;3;4;4;4;4;4;3;4;1; > 1.000.000;6;30K-40K;4;Madrid;Municipality (city/town);0.652563431797868;1;1;1;4;3;3;4;1;4;3;2;1;3;3;3;3;1;4;3;3;1;2;3;3;3;1;3;3;2;1;2;2;3;4;1;3;4;2;1;3;2;2;1;2;2;2;4;1;3;3;2;1;2;40.46528644024413;-3.6964581717481586
200;POINT (4.308066972270901 51.92582673969685);9b4a0154-5624-4c8a-a5ea-b58a599603e9;4;4;4;3;4;4;4;4;4;4;4;4;4;4;4;4;3;4;4;4;4;4;4;4;4;4;4;3;4;4;0; > 1.000.000;6;40K-50K;5;Rotterdam;Municipality (city/town);0.737085360921757;1;1;1;1;1;1;1;1;1;1;1;1;3;3;3;3;3;4;3;3;3;2;2;2;3;2;2;2;2;3;1;3;1;3;1;1;4;3;1;1;3;2;2;1;2;1;2;2;2;4;2;2;2;51.92582673969685;4.308066972270901
201;POINT (23.39859743761799 42.67824851204683);2d1f2259-52b8-443d-a502-9297da020296;2;4;2;4;3;2;2;1;3;4;4;4;4;4;3;2;1;2;4;4;2;3;1;4;4;4;4;2;1;1;1; > 1.000.000;6;10K-20K;2;Sofia;Municipality (city/town);0.47446579067152;2;2;2;2;3;1;1;1;3;1;2;1;3;3;2;1;2;3;1;1;1;1;3;3;3;4;4;4;2;2;1;2;2;4;4;4;4;2;1;1;1;3;4;1;2;2;2;3;3;3;1;1;1;42.67824851204683;23.39859743761799
202;POINT (4.308066972270901 51.92582673969685);c5939502-88b3-4d81-8549-cfc5dcf36570;4;4;4;3;4;4;4;4;4;4;4;4;4;3;4;4;3;4;4;4;4;4;4;4;4;4;4;3;4;4;1; > 1.000.000;6;40K-50K;5;Rotterdam;Municipality (city/town);0.734797329701435;1;1;1;2;3;3;1;1;1;1;3;4;3;3;3;2;3;3;2;4;4;1;3;1;2;2;2;2;3;3;2;2;4;3;1;3;2;2;4;2;3;2;1;1;2;3;1;2;2;1;3;4;2;51.92582673969685;4.308066972270901
203;POINT (-7.49340601583033 40.15394094730636);c7e0e00b-dda1-4c98-81ba-bd7579e9f749;2;3;4;2;3;2;2;2;3;4;4;4;4;4;3;2;3;3;1;4;4;4;3;3;3;4;3;3;1;1;0; < 50.000;1;10K-20K;2;Fundao;Municipality (city/town);0.49341873359597;2;1;2;1;4;1;1;1;4;4;3;4;4;3;3;1;3;3;1;2;2;1;1;1;1;1;1;1;1;1;1;4;1;3;4;3;2;4;1;3;2;1;3;1;3;1;1;3;2;2;3;2;2;40.15394094730636;-7.49340601583033
204;POINT (26.087900956015382 44.44108917284592);f8ebf884-3556-477c-bbf2-f0ce295ec66f;1;1;1;1;2;1;1;1;1;1;1;1;1;1;1;1;1;1;2;2;1;1;2;1;2;2;1;3;2;1;1; > 1.000.000;6;20K-30K;3;Bucharest;District/Parish/Ward;0.133030753968253;3;3;3;3;4;1;4;4;1;1;3;4;4;4;4;4;4;3;4;3;4;4;4;4;4;4;4;3;4;4;2;3;1;4;4;1;3;2;3;3;4;4;3;3;4;3;4;4;2;4;3;4;4;44.44108917284592;26.087900956015382
205;POINT (15.510453560811884 38.19117162836336);0e481775-780c-4e8b-8fa8-140a6fb9acff;3;4;4;3;3;2;3;3;2;3;3;2;3;2;3;3;4;1;3;3;1;1;1;2;4;4;3;4;3;4;1;100.000 - 250.000;3;10K-20K;2;Messina;Municipality (city/town);0.427919312169313;3;3;2;1;1;1;1;1;1;1;1;1;1;1;1;1;1;1;1;1;1;2;2;2;2;2;3;2;1;2;4;1;1;1;1;1;1;1;1;1;1;1;1;3;1;1;1;1;1;1;1;1;1;38.19117162836336;15.510453560811884
206;POINT (18.635792254075543 54.3592274577268);41f4cc84-6e32-4732-a5ae-3ceb1361a839;2;2;4;3;1;2;1;2;4;2;3;4;2;2;2;2;2;3;2;2;3;1;3;4;1;1;3;1;2;4;1;250.000 - 500.000;4;10K-20K;2;Gdansk;Municipality (city/town);0.367568457005957;3;3;3;1;1;3;1;1;1;3;3;1;3;1;4;3;1;3;1;4;4;1;2;2;2;2;2;2;1;2;3;4;2;4;3;4;2;1;2;2;2;1;3;2;1;2;3;1;3;1;1;2;1;54.3592274577268;18.635792254075543
207;POINT (19.038727847012673 49.812962422162215);919788b9-4f62-45a1-ab18-69ba180af75e;1;1;3;1;1;1;1;1;1;1;1;2;1;2;1;1;1;2;1;1;1;1;3;1;1;1;1;2;1;1;1;100.000 - 250.000;3;10K-20K;2;Bielsko-Biala;Municipality (city/town);0.233379196035446;3;3;3;1;3;1;1;1;1;1;2;1;1;1;1;1;3;2;1;1;1;3;2;2;2;2;2;3;1;2;1;3;1;4;3;3;1;4;1;1;1;1;3;1;1;1;3;2;1;1;2;1;1;49.812962422162215;19.038727847012673
208;POINT (26.272279856366467 58.245594619563214);e9a03185-30f1-455e-8d60-1edf094812a6;3;2;3;1;2;3;4;3;2;1;1;1;1;1;1;2;2;2;2;1;2;1;4;2;1;1;1;1;3;1;0; < 50.000;1;10K-20K;2;Elva;Municipality (city/town);0.303453682755153;3;3;3;2;3;3;1;1;3;1;2;3;4;4;4;4;2;4;2;3;2;1;2;3;3;3;4;3;3;2;3;3;1;1;1;1;1;4;1;2;3;2;1;3;3;2;2;1;3;1;3;1;2;58.245594619563214;26.272279856366467
209;POINT (3.047420435858721 50.63174165360616);e59056bc-4047-40e6-86f9-f1aeb5cf6c47;2;3;3;3;3;2;2;1;3;4;3;3;4;3;4;4;4;2;3;4;3;2;4;4;3;4;4;2;3;4;1; > 1.000.000;6;30K-40K;4;Lille metropolitan area;Metropolitan Area;0.458854604132025;2;4;2;4;3;4;4;4;1;4;4;4;1;2;2;4;4;4;2;4;4;2;3;3;3;3;1;1;2;3;3;3;3;3;1;1;2;2;3;4;3;2;1;3;2;2;4;4;3;2;4;4;3;50.63174165360616;3.047420435858721
210;POINT (-1.1991047115010864 38.123213519297174);01b81c6a-072a-4ced-8120-790393bd30fc;3;4;4;3;4;2;4;1;1;1;1;1;2;1;3;2;2;2;2;2;4;3;4;4;3;3;1;4;2;1;1;50.000 - 100.000;2;20K-30K;3;Molina de Segura;Municipality (city/town);0.35243006769125;3;3;2;2;1;1;1;1;3;1;2;3;3;2;1;2;1;2;3;1;1;4;4;1;1;2;4;1;2;3;1;4;1;1;1;1;4;3;1;1;1;2;2;1;4;1;1;1;2;4;2;1;1;38.123213519297174;-1.1991047115010864
211;POINT (8.929920146987033 45.459924535899816);7d6fb74a-8ceb-44c7-b3ee-da7007fc2da7;2;2;4;1;2;2;3;1;4;2;2;2;1;3;2;2;3;2;2;1;1;1;1;4;2;3;1;3;2;1;0; > 1.000.000;6;> 50K;6;Milano metropolitan area;Metropolitan Area;0.353932020202701;3;3;3;1;3;4;1;1;4;1;4;4;4;4;4;4;4;4;4;4;4;4;4;4;4;3;4;4;4;3;2;3;4;3;1;4;3;4;1;3;4;4;3;3;4;4;4;3;4;3;4;3;4;45.459924535899816;8.929920146987033
212;POINT (21.27729672847234 46.17338127142245);2b8bc007-4cd5-4ebf-aed3-28cf18485fda;1;2;3;2;3;1;1;2;1;1;2;2;1;3;1;1;1;2;2;1;1;1;2;1;2;3;1;2;1;1;1;100.000 - 250.000;3;10K-20K;2;Arad;Municipality (city/town);0.287221402247444;3;3;3;1;1;1;1;1;1;1;1;1;4;4;4;4;1;4;3;3;4;2;1;3;3;1;1;3;1;1;1;1;4;4;1;1;4;1;1;1;3;1;1;1;1;3;4;1;2;3;1;2;2;46.17338127142245;21.27729672847234
213;POINT (17.10617673007502 48.115972311669374);17a782be-c6e4-4e47-a3d4-1c1616450268;2;2;1;4;3;2;3;1;4;4;3;3;2;4;4;3;3;2;4;4;4;4;4;4;4;3;4;4;4;1;1;250.000 - 500.000;4;30K-40K;4;Bratislava;Municipality (city/town);0.45553460265225;2;4;3;4;4;1;1;1;1;4;4;1;1;1;1;4;4;4;4;1;4;4;4;4;3;3;3;2;4;3;4;4;3;1;1;1;2;4;1;3;3;4;3;3;4;2;3;3;3;4;4;3;3;48.115972311669374;17.10617673007502
214;POINT (-2.232148389936335 53.451083307056386);a78f9ac9-037b-472d-935c-d8833d8173a3;1;1;1;4;1;1;1;3;1;2;2;3;2;2;2;1;2;2;2;2;2;2;3;2;2;1;4;2;1;1;1; > 1.000.000;6;> 50K;6;Manchester metropolitan area;Metropolitan Area;0.283724208559686;3;3;3;4;1;4;4;4;1;4;3;3;4;3;4;4;4;2;4;4;4;3;3;2;3;2;2;2;1;2;2;3;4;4;4;1;4;2;3;4;4;2;4;3;2;4;4;4;1;4;2;3;4;53.451083307056386;-2.232148389936335
215;POINT (18.246392256781895 49.81412023026965);db2e1166-1ff4-4420-95a8-ae2fa54cb732;2;1;1;1;1;4;3;4;3;1;1;1;2;1;1;3;3;3;3;1;3;3;4;4;1;1;1;1;4;1;1;250.000 - 500.000;4;10K-20K;2;Ostrava;Municipality (city/town);0.300815614351154;3;3;4;1;4;1;1;1;1;1;1;1;3;2;1;2;3;2;3;1;3;2;2;2;3;3;3;2;2;3;1;3;4;3;4;3;2;1;3;3;2;2;2;1;4;2;2;3;1;2;1;2;2;49.81412023026965;18.246392256781895
216;POINT (21.99237339993597 50.022785763903435);6e7300e7-b1df-4977-ac6a-2a4caba06a55;4;4;4;3;4;4;4;2;3;4;4;4;4;2;4;3;4;4;3;4;4;3;4;3;3;3;2;4;4;1;1;100.000 - 250.000;3;10K-20K;2;Rzeszow;Municipality (city/town);0.565952154599213;1;4;1;3;3;1;1;1;3;1;2;1;4;4;4;1;1;3;2;3;2;3;1;3;1;2;1;3;3;2;3;2;3;3;1;4;2;3;1;2;2;2;1;3;2;3;1;1;2;2;2;1;2;50.022785763903435;21.99237339993597
217;POINT (15.00581521774553 44.2132016064165);aa852461-ba31-48df-a4dd-f0ef7a6bc6f1;1;1;2;1;1;2;3;1;2;1;2;4;1;2;1;2;2;2;1;2;1;2;1;1;1;1;1;1;2;1;0;50.000 - 100.000;2;10K-20K;2;Zadar;Municipality (city/town);0.278784179770393;3;3;3;1;1;1;1;1;1;1;3;1;3;4;4;4;4;4;4;4;2;4;4;4;4;4;4;4;4;4;2;3;3;1;1;4;1;3;3;1;4;4;2;3;4;4;4;4;4;4;4;3;4;44.2132016064165;15.00581521774553
218;POINT (3.2779523468114604 49.84709796157354);bed56153-e6a1-4cf5-8a97-f0b9c5ab159f;3;3;1;4;3;2;2;4;2;2;1;1;1;3;2;3;2;4;3;2;1;1;1;2;3;4;3;4;1;1;1;50.000 - 100.000;2;20K-30K;3;Saint-Quentin;Municipality (city/town);0.371875502017046;3;3;2;2;3;3;3;3;3;3;4;4;4;3;3;4;4;4;4;3;3;4;3;4;4;4;4;4;4;4;3;3;3;3;4;3;3;3;3;3;3;4;3;4;3;3;4;4;3;4;4;3;4;49.84709796157354;3.2779523468114604
219;POINT (14.316485591070258 48.284490137154265);893045de-562c-4d07-9077-63ae24cf152d;4;4;4;4;4;4;4;4;4;4;4;4;4;4;4;3;3;3;4;4;4;4;3;4;4;3;4;4;4;1;1;100.000 - 250.000;3;> 50K;6;Linz;Municipality (city/town);0.638744543344728;1;1;1;3;1;1;1;4;3;1;4;1;1;4;1;3;3;4;4;4;1;4;4;3;4;4;3;4;4;3;2;1;1;4;1;1;4;3;1;3;3;4;2;2;2;1;4;4;3;4;4;1;3;48.284490137154265;14.316485591070258
220;POINT (6.118202202866035 52.5184846938747);59cdda77-cb9d-4d82-9278-41b29a3a519d;3;3;3;4;1;2;4;1;2;4;4;4;3;4;3;3;4;4;3;3;3;3;4;1;3;3;4;2;3;1;1;100.000 - 250.000;3;40K-50K;5;Zwolle;Municipality (city/town);0.487698906791737;2;2;2;1;1;1;1;1;1;1;2;1;3;1;1;1;3;2;1;4;1;1;3;2;3;3;2;2;4;2;1;1;1;4;4;1;1;4;1;1;2;2;1;1;1;1;2;4;1;1;4;1;1;52.5184846938747;6.118202202866035
221;POINT (4.984564902710032 51.16615388740603);2de51aa7-bddf-4f99-bcd9-d5583d390452;2;2;3;1;3;2;2;3;2;3;2;2;3;3;3;1;1;1;3;4;3;3;3;2;3;1;3;3;3;1;0; < 50.000;1;40K-50K;5;Geel;Municipality (city/town);0.39374905476468;3;3;3;2;3;1;1;1;1;1;2;3;1;2;1;1;1;1;1;2;2;2;3;3;1;1;1;3;2;3;1;2;1;1;1;1;4;3;4;2;1;2;2;1;1;1;1;1;1;3;2;3;1;51.16615388740603;4.984564902710032
222;POINT (-0.516421064647803 38.68221120761479);c77b073d-ade9-4a99-87b9-befcb8be3750;3;4;4;2;3;3;2;2;4;3;3;3;2;3;3;2;2;2;2;3;2;1;3;4;3;4;4;2;2;1;1;50.000 - 100.000;2;10K-20K;2;Alcoi;Municipality (city/town);0.434301590617307;3;3;2;4;3;3;4;1;1;4;4;1;3;3;3;4;3;3;4;3;2;1;3;1;3;3;3;3;1;3;3;2;3;3;3;3;4;3;3;3;3;2;2;3;1;2;3;3;2;4;2;2;2;38.68221120761479;-0.516421064647803
223;POINT (-2.454285685565745 42.46381744750728);e2e4f74a-07f8-4eaf-a23c-faa115e13825;1;2;1;2;3;1;2;1;1;1;1;1;1;1;1;1;2;1;2;1;1;1;1;4;2;2;2;3;1;1;1;100.000 - 250.000;3;20K-30K;3;Logrono;Municipality (city/town);0.248951810291424;3;3;3;2;4;3;3;4;4;3;3;4;3;3;3;2;4;3;2;4;4;1;4;4;3;4;4;4;3;3;1;2;4;3;3;3;4;3;3;3;3;4;3;1;3;4;2;4;3;3;3;4;3;42.46381744750728;-2.454285685565745
224;POINT (16.695432796881523 53.70419913709946);12bb1b41-74fe-402b-8df8-a4038a3f8498;2;1;1;2;2;2;2;2;4;2;3;3;4;2;1;1;1;2;1;1;2;1;4;1;2;2;2;2;1;1;1;250.000 - 500.000;4;10K-20K;2;Szczecin;Municipality (city/town);0.353561569217819;3;3;3;4;3;1;4;1;3;4;3;3;4;4;4;4;4;4;4;4;4;4;3;3;3;4;2;2;4;2;2;3;3;3;3;3;4;3;3;3;4;3;3;3;3;3;3;4;3;4;3;3;4;53.70419913709946;16.695432796881523
225;POINT (2.0082285979984174 41.57508376730206);56cf4863-9711-4640-bf99-31ebf0ef5f42;4;3;4;2;3;4;4;3;4;3;3;2;2;4;3;3;3;3;4;2;2;2;2;4;4;4;2;4;3;1;1;100.000 - 250.000;3;30K-40K;4;Terrassa (Barcelona);Municipality (city/town);0.459439655014104;4;3;4;4;1;1;1;1;4;1;3;4;3;2;1;1;2;2;1;1;1;4;3;2;2;2;2;2;2;3;3;2;2;1;1;1;1;4;1;3;1;2;1;4;1;1;1;1;2;1;3;2;1;41.57508376730206;2.0082285979984174
226;POINT (21.665592804735457 47.53044040507127);793dfa04-61ac-4579-8c8c-2dc0b40221fd;2;1;1;1;2;2;1;4;2;1;1;1;1;2;2;1;1;2;1;1;3;2;4;3;2;3;1;2;3;1;1;100.000 - 250.000;3;< 10K;1;Debrecen;Municipality (city/town);0.281014750585063;3;3;3;1;1;1;1;1;1;1;1;1;1;1;1;1;1;2;1;1;2;3;3;2;3;2;2;2;1;2;3;3;1;4;1;1;1;1;2;1;1;2;1;2;2;1;2;1;1;1;1;1;1;47.53044040507127;21.665592804735457
227;POINT (13.995541276166685 50.10323781837563);4adbe44d-5589-4126-9c62-ee9214ba6668;1;1;1;1;1;1;1;1;3;1;1;1;1;1;1;2;2;1;1;2;2;2;2;3;1;1;1;3;1;1;0;50.000 - 100.000;2;10K-20K;2;Zilina;Municipality (city/town);0.218904970642103;3;3;3;3;1;4;4;1;4;1;3;4;3;2;3;4;3;4;2;4;3;3;3;2;3;2;2;2;1;3;4;2;3;4;1;1;1;3;3;3;3;2;3;4;1;4;4;2;3;1;3;3;3;50.10323781837563;13.995541276166685
228;POINT (24.66794887696964 60.24110855728779);69d667cc-b05d-46a7-b7c4-e8bd814b97d6;4;4;4;3;4;4;4;4;4;4;4;4;4;3;4;3;1;4;4;4;4;4;4;4;4;3;4;4;4;1;0;250.000 - 500.000;4;> 50K;6;Espoo;Municipality (city/town);0.671629128491108;1;1;1;2;1;3;1;1;3;1;2;3;1;2;2;1;1;3;3;2;2;1;2;2;2;2;2;2;1;2;3;2;1;1;1;1;1;2;4;2;1;1;1;1;1;1;1;1;2;1;2;4;1;60.24110855728779;24.66794887696964
229;POINT (16.588597770281993 49.20678980207693);bd64a9aa-0350-48ae-9fdf-037380039b79;4;3;3;4;2;4;3;4;4;3;3;3;3;3;3;4;4;4;4;1;4;3;3;4;2;2;4;1;4;4;1;250.000 - 500.000;4;10K-20K;2;Brno;Municipality (city/town);0.518951061692484;4;3;1;3;1;1;1;1;1;1;2;1;3;2;3;4;3;3;2;4;3;4;4;4;4;4;4;4;4;4;2;3;4;3;3;3;3;4;3;1;3;4;4;2;2;4;4;3;3;3;4;3;4;49.20678980207693;16.588597770281993
230;POINT (5.351651987148985 51.716711473596035);72fc0127-675a-4976-993c-f9a43c659bae;4;4;3;4;4;4;4;4;4;4;4;4;3;3;4;3;2;3;4;3;4;4;4;4;4;3;4;3;4;1;0;100.000 - 250.000;3;40K-50K;5;s-Hertogenbosch;Municipality (city/town);0.627580575237898;1;1;1;4;4;4;4;4;4;4;4;4;3;3;3;3;3;4;3;3;3;2;3;2;2;3;3;3;2;3;2;3;3;3;4;4;3;3;3;4;3;2;4;2;4;4;4;4;4;3;4;3;4;51.716711473596035;5.351651987148985
231;POINT (3.133219852862716 50.93706043781817);86577e85-4954-4ea8-81ac-e4e9eef5f511;1;1;1;2;1;2;2;3;2;3;3;4;3;2;3;2;1;2;3;3;4;4;4;4;2;2;4;1;4;1;0;50.000 - 100.000;2;40K-50K;5;Roeselare;Municipality (city/town);0.400465977695144;3;3;3;1;1;1;1;1;1;1;1;1;3;2;3;3;3;3;3;3;3;3;3;2;2;2;2;2;2;3;1;2;1;4;1;1;1;4;4;1;3;2;4;1;1;1;4;2;2;1;3;4;2;50.93706043781817;3.133219852862716
232;POINT (4.308066972270901 51.92582673969685);d8d78754-d851-499d-af44-a64d4b47ae6b;3;3;2;4;2;3;4;3;2;4;4;4;3;4;4;4;4;4;4;3;2;4;2;1;4;4;4;2;3;4;0; > 1.000.000;6;40K-50K;5;Rotterdam;Municipality (city/town);0.510273789635156;2;1;3;3;3;4;4;4;4;3;3;3;1;2;2;2;3;3;2;2;2;2;3;3;3;3;3;3;2;3;1;2;4;3;3;3;2;1;3;4;2;3;1;1;1;4;2;3;3;2;1;2;2;51.92582673969685;4.308066972270901
233;POINT (16.922751066397794 52.40651440360357);5d2a9cff-7665-4569-8e52-1a340eb03c33;3;3;2;4;3;3;2;4;3;4;3;4;2;3;4;4;3;4;3;4;4;3;3;4;4;4;3;4;3;4;1;500.000 - 1.000.000;5;20K-30K;3;Poznan;Municipality (city/town);0.500800936570237;2;4;2;3;3;3;1;1;3;1;3;3;1;2;3;2;3;3;4;4;3;4;3;4;3;3;4;2;4;4;1;1;2;1;1;1;4;4;4;2;2;4;3;2;1;3;1;2;3;4;4;4;3;52.40651440360357;16.922751066397794
234;POINT (24.39280516565987 40.93782256401774);eff5af73-5e6a-41b3-a28d-bd4015f58cb4;2;3;3;2;3;1;1;1;2;3;4;4;3;4;2;1;1;2;3;3;2;3;1;3;4;4;4;3;2;1;1;50.000 - 100.000;2;30K-40K;4;Kavala;Municipality (city/town);0.418046750317583;3;2;2;4;4;4;4;4;4;4;4;4;4;3;3;4;4;4;4;4;4;4;3;2;2;3;2;3;4;4;3;1;1;1;1;3;4;3;3;4;4;3;1;4;2;2;3;4;4;4;4;4;4;40.93782256401774;24.39280516565987
235;POINT (13.425252814904752 42.3936046234135);7a3540be-2a94-4e28-b97a-297d2e588550;1;2;2;3;1;1;2;1;1;1;1;2;1;2;1;2;2;2;1;2;1;2;2;2;1;1;2;1;2;1;1;50.000 - 100.000;2;20K-30K;3;L'Aquila;Municipality (city/town);0.274552586234572;3;3;3;1;3;1;1;1;1;4;4;3;3;2;1;2;1;1;1;1;1;2;3;3;3;1;3;3;1;3;3;2;1;3;1;3;2;3;4;3;1;2;2;2;2;1;2;1;1;1;3;3;1;42.3936046234135;13.425252814904752
236;POINT (25.647402627242304 62.131125410906776);71fabd8c-0229-49f3-b878-18c89cba9e7c;3;3;2;4;2;3;3;2;4;4;4;4;3;4;4;4;3;4;4;4;4;4;2;4;3;2;4;3;3;4;0;100.000 - 250.000;3;30K-40K;4;Jyvaskyla;Municipality (city/town);0.515182380958729;2;1;3;1;1;1;1;1;3;1;1;3;4;4;3;4;4;3;4;4;4;4;2;2;3;2;4;3;1;3;1;2;3;4;1;1;2;1;3;2;4;3;1;2;3;2;4;3;2;3;1;3;3;62.131125410906776;25.647402627242304
237;POINT (23.8813305817504 61.629264680586594);4e97ed27-354f-412d-b216-170b728ed071;3;2;3;2;1;4;4;3;4;2;2;2;2;2;3;3;2;4;4;3;3;3;2;4;2;2;3;1;2;1;1;500.000 - 1.000.000;5;30K-40K;4;Tampere metropolitan area;Metropolitan Area;0.417223703833385;3;3;4;1;3;1;1;1;1;1;2;1;4;4;4;4;4;4;4;4;4;1;1;1;1;1;1;1;1;1;3;2;3;3;3;3;3;3;3;1;4;1;2;2;2;3;2;3;3;3;2;2;2;61.629264680586594;23.8813305817504
238;POINT (16.813973471052623 45.495108650635736);98b82f3f-7a33-477d-b246-f818a8e7a3a4;1;1;1;1;1;1;1;1;1;1;1;1;2;1;1;1;1;2;1;1;1;1;1;2;1;1;1;1;1;1;0; < 50.000;1;< 10K;1;Kutina;Municipality (city/town);0.132230902777777;3;3;3;1;1;1;1;1;1;3;2;3;3;3;1;4;3;3;3;4;2;3;2;2;3;3;2;2;3;3;1;4;1;1;1;1;1;3;1;2;2;2;1;1;3;1;2;2;1;2;3;1;1;45.495108650635736;16.813973471052623
239;POINT (-3.8918889503628957 40.522029478718984);a42bd6b5-a7e9-4cd2-9771-a6fbe4d8f13c;2;2;1;3;3;1;1;1;3;3;3;4;2;4;3;2;2;2;3;3;4;3;3;4;4;4;4;4;1;1;1;50.000 - 100.000;2;30K-40K;4;Las Rozas de Madrid;Municipality (city/town);0.409548797012492;3;3;3;1;1;3;4;3;3;4;2;3;3;4;3;4;3;4;3;3;3;4;4;4;4;4;4;4;4;4;4;2;4;4;4;3;2;1;3;3;4;4;4;4;3;4;4;3;4;3;2;3;4;40.522029478718984;-3.8918889503628957
240;POINT (22.29029996624286 60.49224233142962);ad77e1a4-9c82-416c-ad31-9faac15fea21;4;4;4;3;4;3;3;3;4;3;3;2;4;3;4;4;4;4;3;4;4;2;4;4;3;3;2;4;1;1;0;100.000 - 250.000;3;30K-40K;4;Turku;Municipality (city/town);0.508428494248807;4;4;2;4;3;4;1;1;1;3;3;4;3;1;2;3;4;3;3;2;3;2;3;3;1;1;1;3;2;3;1;4;4;1;1;1;1;2;1;3;2;2;2;2;3;4;1;2;1;2;2;2;2;60.49224233142962;22.29029996624286
241;POINT (20.85632279269327 39.6626532591506);d09184ae-ba92-428b-9fcf-01aa377b7f53;1;1;1;1;1;1;1;1;2;1;2;2;1;2;1;1;2;2;1;1;1;1;1;4;1;2;1;1;1;1;0;50.000 - 100.000;2;10K-20K;2;Ioannina;Municipality (city/town);0.225901552094873;3;3;3;1;3;1;1;1;1;4;3;3;3;2;2;2;3;2;2;3;3;3;3;3;2;2;2;4;4;4;3;2;3;3;3;3;3;2;3;2;2;3;1;2;2;2;1;2;1;3;2;3;2;39.6626532591506;20.85632279269327
242;POINT (7.208447425940165 51.53770447825657);7895a913-7be0-4fa4-a167-4837f5e5c94c;2;3;1;2;4;2;3;2;3;3;3;3;3;4;3;3;3;3;4;3;4;4;3;4;4;4;2;4;2;1;1;100.000 - 250.000;3;20K-30K;3;Herne;Municipality (city/town);0.436080274725955;3;3;3;3;3;3;3;4;3;3;3;3;3;4;2;2;3;4;2;3;4;1;2;2;2;2;2;2;1;2;3;3;1;3;4;4;4;3;4;3;3;1;4;2;3;1;2;3;3;3;3;4;3;51.53770447825657;7.208447425940165
243;POINT (-8.615801181190026 41.15365567186728);0239de80-512f-42f9-9dd3-4333d55dc3ca;4;4;2;4;4;4;4;3;4;4;4;4;4;4;4;4;4;4;4;4;3;4;2;3;4;4;4;4;4;4;1;100.000 - 250.000;3;10K-20K;2;Porto;Municipality (city/town);0.662858776061901;1;1;1;2;3;3;1;1;1;1;1;1;4;4;4;4;4;4;2;4;4;4;4;4;4;2;2;4;4;2;3;2;3;3;1;4;3;2;1;1;4;3;1;4;4;4;4;3;3;2;2;3;3;41.15365567186728;-8.615801181190026
244;POINT (25.596042171555972 41.891343413627304);bf131e4e-2954-4e01-a847-b1f41d788b08;1;1;1;1;2;1;1;1;2;2;1;2;1;2;2;1;1;1;3;2;3;2;3;4;2;2;1;3;3;1;0;50.000 - 100.000;2;< 10K;1;Haskovo;Municipality (city/town);0.254575888521201;3;3;3;3;3;1;1;4;3;1;4;3;3;3;4;4;3;4;3;4;3;4;4;2;3;3;4;4;4;4;3;3;1;1;1;3;1;2;3;3;4;4;1;3;4;2;2;3;4;2;4;3;3;41.891343413627304;25.596042171555972
245;POINT (-3.8332302789094355 43.46454749953364);f2a1e361-5ce6-4023-b230-84b219cbb573;3;3;3;4;2;3;1;3;4;3;3;4;1;4;2;3;4;3;3;2;1;3;3;1;3;2;3;2;2;1;1;100.000 - 250.000;3;20K-30K;3;Santander;Municipality (city/town);0.421455133141867;3;3;3;4;4;3;4;1;4;3;4;4;3;2;3;2;3;3;3;3;2;2;4;4;4;2;3;4;2;4;2;2;3;3;1;4;3;2;4;4;2;3;2;2;3;3;3;2;4;3;3;4;3;43.46454749953364;-3.8332302789094355
246;POINT (12.941305438958361 57.732085063739206);228758cf-3007-4414-8531-a534513df127;2;2;2;2;2;2;4;2;1;4;4;3;4;4;3;2;3;2;3;4;3;3;2;4;3;2;4;3;2;1;1;100.000 - 250.000;3;40K-50K;5;Boras;Municipality (city/town);0.442566494496335;2;2;3;1;3;1;1;1;1;1;2;1;1;1;1;1;1;1;1;2;2;1;1;1;1;1;1;1;1;1;4;4;3;1;1;1;3;4;3;1;1;1;4;2;2;1;1;1;1;1;2;2;1;57.732085063739206;12.941305438958361
247;POINT (16.37746383552183 48.20840505435113);404f405a-5117-4f1d-ab65-fdd1e5859773;4;4;4;4;4;3;4;3;4;4;4;3;4;4;4;4;4;4;4;4;3;3;2;4;4;4;3;4;4;4;1; > 1.000.000;6;> 50K;6;Vienna;Municipality (city/town);0.563645119580628;1;4;2;3;3;1;1;1;1;1;1;3;3;1;1;4;1;1;1;1;2;2;1;1;1;1;1;1;1;1;1;3;4;1;1;1;2;2;3;2;1;1;1;2;2;2;2;1;1;1;1;1;1;48.20840505435113;16.37746383552183
248;POINT (27.41532104058476 42.52785344597386);0a88882c-8258-4895-b231-77ca1c61d397;1;1;1;3;1;1;1;2;1;2;2;3;2;2;1;3;2;1;3;1;2;3;1;3;1;1;3;1;4;4;1;100.000 - 250.000;3;< 10K;1;Burgas;Municipality (city/town);0.258613770981877;3;3;3;1;4;1;1;4;1;4;4;4;4;4;4;4;4;4;4;4;4;4;4;3;3;4;3;2;4;4;1;4;1;1;1;1;1;2;4;4;4;4;1;2;4;2;2;4;2;3;4;4;4;42.52785344597386;27.41532104058476
249;POINT (27.775461033669043 62.99182702551678);3837d162-6778-4022-8e8c-f33b5d43705c;4;3;1;4;3;4;3;4;4;4;3;4;2;4;4;4;3;4;4;3;4;4;2;4;4;4;4;4;4;1;0;100.000 - 250.000;3;30K-40K;4;Kuopio;Municipality (city/town);0.51940250588872;1;4;4;3;3;1;1;1;1;1;3;4;1;3;3;2;1;1;2;4;3;2;4;4;3;3;3;2;4;4;2;2;3;3;1;1;1;4;4;2;2;4;1;1;2;3;2;1;1;1;4;4;2;62.99182702551678;27.775461033669043
250;POINT (11.084518155395145 43.877998331576066);38ae3e87-2f55-4878-94e8-8dfeece8bda2;4;4;3;3;4;3;2;3;4;3;2;2;3;2;4;4;4;3;4;4;2;2;2;3;3;4;2;4;4;4;1;100.000 - 250.000;3;30K-40K;4;Prato;Municipality (city/town);0.453626593773192;4;4;2;1;1;1;1;1;1;1;1;1;1;1;1;1;1;1;1;1;1;1;1;1;1;1;1;1;1;1;4;4;1;1;1;1;4;1;1;1;1;1;3;1;2;1;1;1;1;2;1;1;1;43.877998331576066;11.084518155395145
251;POINT (12.1647558197385 57.448157649880166);26beeee5-0310-40b7-85a3-abcb30fe9f63;2;2;3;1;3;1;2;1;2;2;2;2;3;3;2;1;1;2;3;2;3;3;3;4;3;4;1;4;1;1;0;50.000 - 100.000;2;30K-40K;4;Kungsbacka;Municipality (city/town);0.353543460301273;3;3;3;3;3;1;4;4;3;4;3;4;4;4;4;4;4;4;4;4;4;4;4;4;3;3;4;3;4;3;4;2;1;4;4;1;4;1;3;4;4;4;3;4;3;4;4;4;4;4;3;3;4;57.448157649880166;12.1647558197385
252;POINT (3.725382243566682 51.074534779832156);72777aeb-38ee-4b4a-9d3b-6a6806463100;4;2;2;3;3;4;4;4;3;4;4;3;4;4;4;4;4;4;3;4;4;4;4;4;4;3;4;3;4;1;0;250.000 - 500.000;4;40K-50K;5;Gent;Municipality (city/town);0.583595469379476;1;1;4;4;4;4;4;4;4;4;4;4;1;2;2;3;3;4;3;2;2;4;4;3;4;4;4;4;4;4;3;2;3;4;4;3;2;1;1;4;2;4;1;4;3;3;4;4;4;4;2;3;4;51.074534779832156;3.725382243566682
253;POINT (21.761910196424182 39.555540252931586);2e39331a-f5c2-40a0-a6d2-063686a6de6e;2;3;3;3;3;2;2;2;2;3;3;3;3;3;3;3;3;2;3;4;1;1;1;3;3;3;3;3;3;3;1;50.000 - 100.000;2;10K-20K;2;Trikala;Municipality (city/town);0.425170331676765;3;3;2;1;3;1;1;1;1;1;3;3;1;2;1;1;1;1;2;2;1;3;3;4;2;2;3;2;3;2;1;4;1;1;1;1;4;4;1;2;1;3;3;1;3;1;1;1;1;4;3;1;1;39.555540252931586;21.761910196424182
254;POINT (2.8350850545349346 41.98466013084889);2aa77617-b906-4196-819e-ac0eadbd9bbe;1;2;3;2;1;1;2;1;1;1;1;1;2;1;2;2;2;1;1;3;1;1;3;2;1;1;1;1;2;4;1;100.000 - 250.000;3;20K-30K;3;Girona;Municipality (city/town);0.240304419221393;3;3;3;4;4;3;1;1;4;4;4;3;3;2;2;2;3;3;2;2;2;2;3;3;3;1;3;3;2;3;4;2;3;4;3;4;4;2;3;3;2;2;4;4;2;2;3;2;4;4;2;2;3;41.98466013084889;2.8350850545349346
