geometry;Cont_ID;I1;I1_1;I1_1_1;I1_1_2;I1_1_3;I1_2;I1_2_1;I1_2_2;I1_2_3;I2;I2_1;I2_1_1;I2_1_2;I2_1_3;I2_2;I2_2_1;I2_2_1_1;I2_2_1_2;I2_2_1_3;I2_2_2;I2_2_3;I2_2_3_1;I2_2_3_2;I2_2_3_3;I2_2_4;I2_2_4_1;I2_2_4_2;I2_2_4_3;I2_2_1_4;I2_2_1_5;Sample;POP;POPnum;GDP;GDPnum;City;Authority;DPSVI;A_DPSVI;B_Proneness;C_DigitalS;S1_GA;S1_BS;S1_CL;S1_ED;S1_HE;S1_OS;S1_SW;S1_TM;S1_UT;S2_GA;S2_BS;S2_CL;S2_ED;S2_HE;S2_OS;S2_SW;S2_TM;S2_UT;S3_GA;S3_BS;S3_CL;S3_ED;S3_HE;S3_OS;S3_SW;S3_TM;S3_UT;S4_GA;S4_BS;S4_CL;S4_ED;S4_HE;S4_OS;S4_SW;S4_TM;S4_UT;S1;S2;S3;S4;SI_GA;SI_BS;SI_CL;SI_ED;SI_HE;SI_OS;SI_SW;SI_TM;SI_UT;SI
Point (6.12662316246271388 49.61406329221082956);267754d1-908d-427d-8a89-66d0c6de3b7f;2;2;3;2;3;2;1;2;2;2;2;3;1;2;2;2;1;3;2;2;2;2;3;3;2;2;1;4;3;1;1;100.000 - 250.000;3;> 50K;6;Luxembourg;Municipality (city/town);0.354018664206164;3;3;3;2;1;3;1;1;1;3;2;3;3;2;2;2;1;3;1;2;1;1;1;1;1;1;1;1;1;1;4;1;4;4;1;1;1;1;1;2;1;1;2;2;1;4;3;1;1;1;1;1;1
Point (6.97326127765493364 50.94569412303543743);63f1aa2d-f374-462a-b3e6-e490254d0487;4;4;2;4;4;4;4;4;4;4;4;4;4;4;4;4;4;4;3;4;4;4;4;4;4;4;4;4;4;4;1; > 1.000.000;6;> 50K;6;Köln, Stadt;Metropolitan Area;0.677460160091134;1;1;1;1;1;1;1;1;1;1;1;1;3;2;1;2;1;3;2;4;1;1;1;1;1;1;1;1;1;1;1;1;1;4;1;1;4;3;1;1;1;1;2;1;1;1;2;1;1;3;2;1;1
Point (18.91928759096219537 46.95936279455270324);168107d5-4842-4a67-880d-7cf79fcdaaa3;1;3;2;3;3;1;1;1;1;1;1;1;2;1;1;2;2;1;2;2;1;1;1;1;2;3;1;2;3;1;0; < 50.000;1;10K-20K;2;Dunaujvaros;Municipality (city/town);0.264081350889715;3;3;3;4;4;3;1;1;4;4;4;1;4;4;4;4;3;4;4;3;2;3;4;4;2;3;4;4;3;2;4;4;4;1;1;4;3;1;1;4;4;3;3;4;4;4;2;2;4;4;3;1;4
Point (21.70851328482198994 47.93850849298370775);80bc77e9-4b40-4ec9-8559-622ae5425577;1;1;1;1;1;1;1;1;1;1;1;1;1;1;1;1;1;1;1;1;1;1;1;1;1;1;1;1;1;1;0;500.000 - 1.000.000;5;< 10K;1;Szabolcs-Szatmár-Bereg;County/Province;0.0437090773809524;3;3;3;1;1;1;1;1;1;4;1;1;4;4;4;4;4;4;4;4;4;2;3;3;3;3;3;3;2;3;2;3;3;3;4;4;4;2;3;1;4;3;4;2;2;3;3;4;4;4;2;3;3
Point (-8.62436992584129491 41.13238272802789908);8d1be9c4-c063-46f8-b4a8-0d65ca9cb3ec;3;3;2;2;4;3;3;3;2;4;3;3;4;3;4;3;3;2;3;4;3;2;3;4;3;2;3;4;3;1;0;250.000 - 500.000;4;10K-20K;2;Vila Nova de Gaia;Municipality (city/town);0.475701459029125;2;4;2;1;3;3;1;1;1;1;3;4;4;4;4;3;3;4;3;3;4;3;2;2;2;3;3;3;3;4;4;2;1;1;1;1;1;3;4;2;3;3;1;3;2;2;2;2;2;2;3;4;2
Point (9.95002555174176173 48.39054025995346109);19754030-af77-4e9c-a460-552201086b2c;2;2;3;2;1;1;1;2;2;2;2;3;2;2;2;1;2;1;2;1;3;3;2;4;3;4;3;1;2;1;1;100.000 - 250.000;3;> 50K;6;Ulm;Municipality (city/town);0.336470780201325;3;3;3;4;1;1;1;1;1;1;4;4;3;2;2;2;3;3;2;3;3;4;3;3;4;3;3;3;4;4;4;1;1;1;1;1;4;3;1;4;2;4;2;4;1;1;2;2;2;4;4;4;3
Point (22.43106152135619524 39.65270012763677698);4fcd9a2d-70d4-4790-ad74-4f3234f99086;1;1;1;1;3;1;1;1;1;1;1;1;1;1;1;1;1;1;1;1;1;1;1;4;1;1;1;3;1;1;0;100.000 - 250.000;3;10K-20K;2;Larissa;Municipality (city/town);0.188765977945665;3;3;3;3;1;1;1;1;1;1;1;3;4;2;3;2;3;4;3;3;3;3;3;4;4;3;2;2;2;3;4;4;3;1;1;1;1;1;4;2;3;3;2;4;4;3;2;3;2;2;1;4;2
Point (-8.42208302406439202 43.3456093205191948);566e9b99-19ed-45b4-aad7-545e3424bbe0;3;4;4;3;4;3;3;2;4;4;4;4;3;4;4;4;4;4;4;1;4;4;4;4;4;4;3;4;4;4;0;100.000 - 250.000;3;20K-30K;3;A Coruna;Municipality (city/town);0.533559337040955;2;1;2;1;1;1;1;1;3;1;3;3;3;2;3;3;3;4;2;2;2;4;3;4;4;4;4;4;3;4;4;1;1;1;1;1;1;4;4;2;2;4;2;3;1;2;2;2;3;2;3;4;2
Point (28.971316 41.010656);b2a16900-8e0d-4c8e-a80b-21f5e6451a78;4;4;4;4;3;4;4;3;4;4;4;4;3;3;4;4;4;3;4;2;4;4;4;3;4;3;4;3;4;4;0; > 1.000.000;6;10K-20K;2;Istanbul;Municipality (city/town);0.58086867178641;1;1;1;3;1;1;1;4;1;1;3;1;3;3;3;3;3;4;3;3;3;3;3;4;4;4;4;4;3;4;3;3;3;4;4;4;3;1;3;2;3;4;3;3;3;3;3;4;3;3;1;2;3
Point (12.19313941962681902 44.4128096847708278);36ad4182-5cfb-43a2-a815-4bfd3a51c71d;3;4;3;4;3;3;4;1;3;3;3;3;3;3;4;2;2;3;3;4;3;3;2;4;4;4;3;4;2;1;0;100.000 - 250.000;3;30K-40K;4;Ravenna;Municipality (city/town);0.478497755852535;3;4;2;2;3;3;3;1;1;3;3;4;4;4;4;4;4;4;4;4;4;4;4;4;4;3;3;4;4;4;3;4;4;4;1;1;4;4;3;3;4;4;4;4;4;4;4;3;4;4;4;4;4
Point (2.1540265183209093 48.89616113671956299);964a2730-4bc2-47ee-a0d0-10a40bf10dbb;1;2;3;1;2;1;1;1;1;2;2;2;1;4;2;1;1;1;2;2;2;3;1;4;3;4;2;2;1;1;0; < 50.000;1;40K-50K;5;Chatou;Municipality (city/town);0.305479033890493;3;3;3;4;4;4;4;4;3;3;4;4;1;1;1;1;2;2;1;2;2;4;3;2;3;3;3;2;2;3;1;2;3;4;4;3;4;2;3;4;1;3;2;3;2;2;3;3;2;3;3;3;3
Point (-1.17217531953203613 46.16227842377740131);9c5513ce-cecf-42bd-a485-ab8e1ddb4072;4;2;1;3;4;4;4;4;4;4;4;3;3;4;4;4;4;4;4;4;3;4;3;3;4;3;3;4;4;4;1;100.000 - 250.000;3;20K-30K;3;Rochelle;Unions of municipalities/Mountain communities;0.567717340767892;1;1;4;2;1;4;1;1;3;1;3;4;1;4;2;1;1;3;1;2;2;2;1;1;1;1;1;1;1;1;2;4;2;1;1;3;2;4;4;2;1;1;3;1;3;2;1;1;2;1;2;3;1
Point (2.28991276082053696 49.90076850389920082);4db67946-57d2-4b11-8618-52cc62fa48d0;2;1;3;1;1;3;3;3;2;2;2;2;2;2;2;2;4;3;2;3;2;1;2;4;1;1;2;2;1;1;1;100.000 - 250.000;3;20K-30K;3;Amiens metropolitan area;Metropolitan Area;0.340982277696433;3;3;3;4;1;1;4;1;1;1;1;4;1;1;1;1;1;1;1;3;2;3;2;2;2;2;3;2;4;2;3;2;1;2;3;4;1;3;1;3;1;2;1;2;1;1;2;1;2;1;2;2;1
Point (2.89908174261042317 42.69641632772518136);e4b036bc-9b9a-4ffe-b599-9d736e10365f;2;2;2;3;2;3;2;3;3;2;1;2;2;2;2;2;1;3;2;2;3;1;3;4;2;2;2;3;3;1;0;100.000 - 250.000;3;20K-30K;3;Perpignan;Municipality (city/town);0.347354440987253;3;3;3;1;1;1;1;1;1;1;1;1;4;2;1;2;3;1;2;4;3;3;4;2;2;3;3;4;3;3;4;1;1;1;1;1;1;2;1;1;2;3;1;4;1;1;1;2;1;2;2;2;1
Point (7.38482927146158374 48.11037111406310629);2a3b4161-d91d-4b34-8d9b-24f9f2dd076b;1;2;3;1;2;1;3;1;1;2;2;2;4;2;2;1;1;2;2;4;1;1;1;1;1;2;1;2;1;1;1;50.000 - 100.000;2;20K-30K;3;Colmar;Municipality (city/town);0.324989985901444;3;3;3;2;3;3;1;1;3;1;4;1;1;2;3;3;1;3;2;2;2;4;3;3;4;2;4;4;4;4;4;4;2;3;1;4;3;3;3;2;2;4;4;3;3;2;3;1;3;3;3;2;3
Point (2.89908174261042317 42.69641632772518136);ad923e48-7ac1-41d5-97f9-1521eb230048;3;4;3;4;4;2;3;1;3;3;4;3;4;3;2;1;1;3;2;3;1;2;3;1;3;3;3;3;1;1;1;100.000 - 250.000;3;20K-30K;3;Perpignan;Municipality (city/town);0.449399204768997;3;3;2;1;4;1;1;1;4;1;3;4;4;4;4;1;1;3;1;4;4;3;2;2;2;3;4;2;3;4;1;4;1;1;1;4;1;3;3;4;3;3;1;2;4;2;1;1;4;1;4;4;3
Point (4.90484262507597002 52.37333386093262533);748a79df-c422-45b1-b2e5-58736c75e1ce;3;2;1;2;4;3;1;4;4;4;4;3;3;4;4;3;3;4;4;3;4;4;4;4;4;3;3;4;3;1;1;500.000 - 1.000.000;5;> 50K;6;Amsterdam;Municipality (city/town);0.486061901180927;2;1;3;4;4;3;4;4;3;4;4;4;4;4;4;4;4;4;4;4;4;3;3;4;2;2;2;2;3;2;4;2;4;3;4;1;1;3;2;4;4;2;3;4;4;4;4;4;3;3;4;4;4
Point (-0.57354575754487325 44.85746637092551481);6c86823c-093b-442c-aeeb-469223b2c84b;2;3;1;4;3;1;1;2;3;2;1;1;2;2;4;4;4;3;4;3;2;1;2;4;4;4;3;4;3;4;1;500.000 - 1.000.000;5;30K-40K;4;Bordeaux metropolitan area;Metropolitan Area;0.36123861483696;3;4;2;3;3;1;1;1;1;3;2;3;4;3;3;3;3;4;3;4;4;4;4;2;3;3;3;4;4;4;3;1;1;1;1;1;4;1;4;2;3;4;2;4;2;2;2;2;2;4;2;4;3
Point (7.76054420268733836 49.43303518180653811);cebafa09-c33f-4c71-8494-08a315241930;3;2;1;2;2;3;2;4;1;2;2;2;2;3;3;2;2;2;1;2;3;3;4;4;4;3;3;4;3;1;1;50.000 - 100.000;2;40K-50K;5;Kaiserslautern;Municipality (city/town);0.402005009696187;3;3;3;4;4;4;3;4;1;4;3;3;1;4;4;4;3;1;2;4;4;3;4;3;3;4;4;3;4;4;3;4;3;3;4;1;3;4;4;4;3;4;4;2;4;4;3;4;1;3;4;4;4
Point (-1.7435421330636125 51.57158329184765932);c7f3ab8f-a07d-46af-80dd-82a1bc735a55;3;4;3;3;4;2;2;2;2;2;2;2;2;2;2;1;1;3;3;2;1;1;1;3;3;2;2;4;2;1;1;100.000 - 250.000;3;> 50K;6;Swindon;Municipality (city/town);0.366389907835221;3;3;2;4;1;1;1;1;1;1;3;4;4;4;1;3;2;2;1;4;1;2;3;1;1;1;1;1;1;1;3;3;1;4;1;1;1;4;4;3;2;1;4;3;2;1;3;1;1;1;3;2;2
Point (-0.1926905374390627 51.95897683843741532);d96982a7-f2b5-4eb1-875b-a142bd9a7084;2;2;4;3;1;3;3;2;4;3;2;2;2;4;3;4;3;3;3;4;3;3;2;4;2;1;4;2;1;4;1; > 1.000.000;6;40K-50K;5;Hertfordshire;County/Province;0.418952841633448;3;4;3;4;3;4;1;1;3;1;4;1;3;4;2;4;1;4;1;4;1;2;1;1;1;1;1;1;2;1;3;2;4;4;4;3;4;3;3;4;2;1;4;3;2;4;3;2;3;2;4;1;3
Point (0.14889968427291883 51.70879979068756427);94b0c786-012f-45c5-afe9-3770e7258cd8;2;2;2;1;2;2;3;2;3;3;3;3;3;4;2;1;1;3;1;3;2;3;2;2;2;2;2;3;1;1;1;100.000 - 250.000;3;30K-40K;4;Epping Forest;Unions of municipalities/Mountain communities;0.388591199020887;3;3;3;4;3;3;1;1;3;1;2;3;1;1;2;2;1;2;1;1;1;2;2;4;3;4;3;2;4;4;4;2;4;3;4;4;2;4;3;2;1;3;4;2;1;4;2;2;2;1;3;2;2
Point (7.40640444347960969 46.94757371935808976);ff503806-f604-4ac4-920c-785eb3f03fb9;4;4;2;3;4;3;3;4;2;4;4;3;4;4;4;1;1;4;2;4;4;3;4;4;4;4;3;4;1;1;0;100.000 - 250.000;3;> 50K;6;Bern;Municipality (city/town);0.547702517968143;1;1;2;1;4;1;1;1;1;1;3;1;1;2;1;1;2;2;1;1;1;2;2;2;2;2;2;2;1;2;1;3;1;4;1;1;3;1;3;2;1;1;1;1;2;1;3;1;1;2;1;1;1
Point (-8.61377796646864091 41.22953018462043673);e605941d-70b4-45ec-b7a1-189df7f10d30;1;1;1;2;1;2;3;2;2;1;1;2;1;1;2;1;1;2;3;2;2;3;2;3;2;1;3;3;2;1;0; < 50.000;1;10K-20K;2;Maia;Municipality (city/town);0.269070277523403;3;3;3;3;4;1;1;1;3;3;4;1;1;1;2;1;1;2;1;3;1;3;2;4;3;2;3;1;3;2;3;4;2;1;1;1;2;2;1;3;1;2;1;2;2;2;1;1;2;1;3;1;1
Point (3.72538224356668213 51.07453477983215606);a3674e8e-4f22-4b9f-8bc1-599fc7cd3c8f;3;2;1;3;3;4;2;4;4;3;3;2;3;4;3;4;3;4;2;3;3;4;2;3;2;3;2;2;4;4;1;250.000 - 500.000;4;40K-50K;5;Gent;Municipality (city/town);0.461663207537289;3;3;4;1;3;1;3;1;3;1;2;3;1;2;2;2;1;3;3;2;2;1;2;1;1;2;2;2;1;2;3;2;1;4;1;1;1;2;4;2;2;1;1;1;1;1;3;1;2;1;1;2;1
Point (-0.0744562910026529 51.47279238730099848);ce618a95-5910-4574-bd42-9eb1e5b84562;1;1;3;2;1;1;1;1;1;2;2;3;2;2;1;1;1;1;1;3;1;3;2;1;1;1;3;1;1;1;1;250.000 - 500.000;4;40K-50K;5;Southwark;District/Parish/Ward;0.251722377834357;3;3;3;4;4;4;4;4;4;4;4;1;4;4;4;4;4;4;4;4;3;2;3;3;3;1;3;3;2;1;2;4;1;3;4;1;3;2;4;4;4;2;3;3;4;3;4;4;4;4;3;3;4
Point (5.70676247478088783 58.95995007364935248);5f38bb66-8941-4cfc-9dae-648ae559f97c;4;4;4;4;4;4;4;4;4;4;4;4;4;4;4;4;4;4;3;4;4;4;4;4;4;4;4;3;4;4;0;100.000 - 250.000;3;> 50K;6;Stavanger;Municipality (city/town);0.727703049650966;1;1;1;1;3;1;1;1;1;1;2;3;1;2;2;2;3;3;2;2;2;1;2;2;2;2;2;2;1;2;4;1;1;1;1;1;1;1;1;2;2;1;1;3;1;1;1;2;1;1;1;1;1
Point (23.32513567234791907 55.90508508514289332);45c484f1-8991-4919-8359-85abe8e6f9f0;2;3;2;1;4;1;1;1;3;3;3;4;3;3;2;2;2;1;2;2;4;4;4;4;2;3;1;3;1;1;0;100.000 - 250.000;3;10K-20K;2;Siauliai;Municipality (city/town);0.393443548905253;3;3;3;3;3;1;3;1;1;4;2;1;3;3;4;4;4;4;4;4;4;1;1;1;1;1;1;1;1;1;1;4;3;3;1;1;4;1;1;2;4;1;2;1;3;3;3;3;3;4;1;2;3
Point (1.43205038385337291 43.59606198910201869);9d44a09b-2b6f-4a1d-a9bd-33160e641bb3;3;4;4;4;4;2;2;2;3;3;3;2;4;3;4;4;4;4;4;4;2;1;3;4;3;3;3;3;4;4;1;500.000 - 1.000.000;5;40K-50K;5;Toulouse;Municipality (city/town);0.47254238808237;3;4;2;4;4;3;4;1;1;4;4;4;3;3;2;3;4;1;3;2;3;3;3;4;4;2;2;4;3;4;4;3;4;3;4;1;3;2;3;4;3;3;4;4;4;3;4;4;1;4;2;4;4
Point (-0.0914481792413285 51.51427237186367591);d81c141d-ceab-4989-96bc-0d585071af32;4;4;4;2;3;4;3;4;3;4;3;2;4;4;4;4;4;4;3;4;3;3;2;4;4;4;4;3;3;4;1; > 1.000.000;6;> 50K;6;London metropolitan area;Metropolitan Area;0.553138603906987;1;4;1;3;4;4;4;4;1;1;4;4;3;4;4;4;4;4;4;4;4;3;3;4;4;4;3;4;3;4;3;2;3;4;4;1;3;1;3;4;4;4;3;3;4;4;4;4;4;3;3;4;4
Point (24.29621425520954503 58.38893441897018022);7fec8317-a19d-441a-b210-921ed9fc8e9a;2;3;4;1;2;2;4;1;2;2;2;2;3;2;3;3;4;2;3;3;4;3;4;4;1;1;1;2;4;1;0; < 50.000;1;10K-20K;2;Pärnu;Municipality (city/town);0.381270005610538;3;3;3;3;3;3;3;4;3;3;2;1;3;3;3;3;3;4;3;3;1;1;1;1;1;1;1;1;1;1;1;4;1;4;1;3;4;1;1;3;2;1;4;1;3;2;4;2;2;4;1;1;2
Point (4.64734322446802306 52.38355604897858342);015b4209-779f-498c-9178-00732b203b02;4;4;3;4;4;4;3;4;4;4;4;4;4;4;4;4;4;4;4;4;4;4;4;3;4;4;4;4;4;4;0;250.000 - 500.000;4;30K-40K;4;Haarlem;Municipality (city/town);0.634319734493447;1;1;1;4;4;3;1;1;4;3;3;1;1;2;4;4;4;3;3;3;4;4;4;4;2;3;4;4;4;2;4;4;4;1;1;4;3;4;1;3;4;4;4;4;4;4;3;3;4;3;4;3;4
Point (7.76731076809934073 48.57127031251049942);c4e98d4e-10c2-4f4e-81fb-2d35df3dd55a;4;4;3;1;4;4;4;4;3;3;3;2;4;3;3;3;3;4;3;3;3;3;3;4;2;3;1;3;4;1;1;250.000 - 500.000;4;30K-40K;4;Strasbourg metropolitan area;Metropolitan Area;0.50953976777353;4;3;1;4;1;4;4;1;1;1;1;4;3;1;3;1;2;2;2;2;3;3;2;3;2;2;2;2;4;4;4;1;1;3;1;1;3;4;4;3;1;2;3;4;1;3;2;1;1;2;3;4;2
Point (19.10784428104433985 47.48386663542792263);4834b586-2a36-4da7-9e5f-0c0c7dd77549;2;2;2;2;2;3;3;3;3;2;2;3;3;2;1;1;1;1;2;2;1;1;2;1;1;2;2;1;2;4;1; > 1.000.000;6;20K-30K;3;Budapest;Municipality (city/town);0.354629388840326;3;3;3;4;4;4;4;4;4;4;4;4;3;3;4;3;3;4;4;4;4;4;4;4;4;4;4;4;4;4;2;2;4;4;4;4;4;1;1;4;4;4;4;3;4;4;4;4;4;4;4;4;4
Point (-4.25276892085049685 55.8579763754971097);24521872-21a3-4ad3-ae8b-d8829ecc684e;4;3;4;4;2;4;4;3;3;3;3;2;3;4;3;4;3;4;3;2;3;4;2;3;3;3;3;3;3;4;1;500.000 - 1.000.000;5;40K-50K;5;Glasgow;Municipality (city/town);0.468799741437303;4;3;1;2;3;4;1;1;1;4;3;3;1;3;3;4;3;3;2;1;2;3;2;2;2;2;2;1;1;2;3;2;3;3;4;3;4;1;3;3;2;1;2;2;2;3;2;3;2;3;1;2;2
Point (-4.50272588583610389 48.40071797929290653);9a460744-c30d-47ca-b091-8b01a267cce6;3;3;2;3;4;2;4;1;2;3;2;2;4;1;3;3;2;1;4;4;2;2;1;4;3;4;1;3;3;1;1;100.000 - 250.000;3;20K-30K;3;Brest metropolitan area;Metropolitan Area;0.404338169019388;3;3;2;3;1;1;1;1;3;4;3;1;4;4;4;4;4;4;3;4;4;4;4;4;4;4;4;4;4;3;3;3;1;3;4;1;4;1;1;2;4;4;2;4;4;3;4;4;3;4;2;2;4
Point (10.37307080262722714 63.38258418861445165);4b1480c0-dad5-45fe-954f-8ba931079bee;3;4;4;4;4;3;3;1;4;3;3;3;4;3;2;2;2;2;2;3;2;2;3;2;3;2;4;2;2;1;1;100.000 - 250.000;3;> 50K;6;Trondheim;Municipality (city/town);0.474813625032374;3;3;2;1;3;4;1;1;1;1;2;3;3;2;1;2;1;2;1;3;3;1;1;1;1;1;1;1;1;1;2;1;1;3;1;3;1;3;4;2;2;1;2;1;1;1;2;1;1;1;2;4;1
Point (7.81827765757382576 47.99273102617240028);5f772bdd-c21a-459b-a2a5-1aea610419a2;2;1;1;2;2;2;4;2;2;2;2;2;2;3;3;3;3;4;2;3;2;3;2;1;2;3;2;2;2;1;1;100.000 - 250.000;3;> 50K;6;Freiburg im Breisgau;Municipality (city/town);0.350377997632134;3;3;3;3;3;3;3;1;1;1;1;1;4;4;4;4;3;2;3;3;3;2;3;3;3;3;1;3;2;3;3;2;3;3;3;3;2;1;3;2;3;2;1;3;2;3;3;3;1;2;1;2;2
Point (27.33967362247236466 56.51071783012401539);93664f35-8a6e-4433-81d3-b3803e77a482;4;4;4;4;4;4;3;3;4;3;2;2;3;2;3;2;1;4;2;4;2;2;1;3;4;3;4;4;2;1;0; < 50.000;1;< 10K;1;Rezekne;Municipality (city/town);0.486417575480075;4;3;1;1;1;1;1;1;1;1;2;1;3;3;4;4;4;4;3;4;4;2;1;3;3;1;1;1;2;1;1;3;4;1;1;1;1;4;1;1;3;1;2;1;2;4;2;2;2;1;3;2;2
Point (7.10968345433240234 50.70565537641122944);41eca7bd-c126-4294-b78e-b3d16b256442;4;2;2;2;3;4;3;4;4;4;4;4;3;3;4;4;4;3;3;2;4;4;4;4;4;3;3;4;4;1;1;250.000 - 500.000;4;> 50K;6;Bonn;Municipality (city/town);0.52352043155306;1;1;4;1;3;3;3;3;3;3;2;3;4;4;4;2;3;4;2;4;4;1;3;3;3;3;3;3;2;3;1;1;4;1;1;2;1;4;4;2;3;3;3;1;2;4;1;2;3;2;3;4;2
Point (-0.063506695709226 51.55240017061181845);01b6916a-83d0-420d-bae6-af0d1a863ec6;3;3;4;1;4;3;3;4;2;3;2;2;3;2;4;3;4;3;4;4;3;3;3;4;3;2;3;4;3;1;1;250.000 - 500.000;4;20K-30K;3;Hackney metropolitan area;Metropolitan Area;0.425905571796349;3;4;2;4;1;1;1;1;1;1;1;1;3;3;3;3;4;4;4;3;4;1;1;1;1;1;3;1;1;1;1;3;2;2;3;2;2;4;4;2;3;1;2;1;2;1;1;3;3;2;2;3;2
Point (5.83666404685075246 51.83860355248850027);a3ac8d73-4676-4ab3-b9c2-c6f040cde3ff;4;4;4;4;4;3;3;2;4;3;4;4;4;4;3;3;3;1;3;3;3;4;2;4;3;3;3;3;4;1;1;100.000 - 250.000;3;30K-40K;4;Nijmegen;Municipality (city/town);0.499344727270279;4;2;2;4;3;4;4;4;3;4;4;4;1;3;3;3;3;4;3;3;2;1;3;3;3;3;3;3;2;3;4;3;3;3;4;4;3;3;3;4;3;2;4;3;3;4;3;4;3;3;4;3;3
Point (-1.8747590643483647 52.4887117731135362);66f67bfe-600a-45e1-8c27-bd6c49043db5;4;4;4;4;4;3;4;3;3;2;2;2;2;2;3;2;2;3;3;1;4;2;4;4;3;3;4;3;3;1;1; > 1.000.000;6;30K-40K;4;Birmingham;Municipality (city/town);0.43637729730101;4;3;2;1;3;1;1;4;3;1;3;1;4;4;3;4;4;3;4;4;4;1;3;3;1;3;1;3;2;1;4;3;1;3;3;3;1;4;1;2;4;1;3;3;4;2;2;4;2;2;4;2;3
Point (3.21468895356984241 51.24725277908141408);d77ebf46-8c85-4278-a75a-f2813fe6c95d;3;3;3;2;3;3;3;3;3;3;3;3;3;3;3;3;3;2;4;4;3;3;2;4;3;1;3;3;3;1;1;100.000 - 250.000;3;40K-50K;5;Bruges;Municipality (city/town);0.456729471304839;3;3;3;1;1;1;1;1;1;1;1;1;3;2;4;4;3;3;2;2;2;1;1;1;1;1;1;1;1;1;3;2;3;2;3;3;2;2;2;1;2;1;1;2;1;2;2;2;2;1;1;1;1
Point (24.74390660008107901 59.42497768200792763);a30d1a58-38a0-4c01-9038-cb77ead451f9;4;4;4;4;3;4;4;4;4;4;4;4;4;4;4;4;3;4;4;4;4;4;4;2;3;2;4;3;4;4;1;250.000 - 500.000;4;20K-30K;3;Tallinn;Municipality (city/town);0.656115863762463;1;1;1;1;1;1;1;1;1;1;1;1;1;1;2;1;2;3;1;1;1;2;3;3;3;3;3;3;2;3;2;4;4;3;4;4;3;2;3;1;1;3;4;1;2;3;1;2;2;2;1;1;1
Point (13.40190467719911993 52.50142944447495807);b114a85d-da46-4c67-9205-c205e5b3729a;1;1;1;1;2;1;3;1;1;3;3;3;2;4;2;1;1;1;2;1;4;4;4;3;3;4;3;3;3;1;1; > 1.000.000;6;40K-50K;5;Berlin metropolitan area;Metropolitan Area;0.304397273444148;3;3;3;4;4;1;1;1;1;1;1;1;4;4;3;4;4;4;4;4;4;2;1;1;1;1;1;1;1;1;3;4;1;1;1;1;1;1;1;2;4;1;1;3;4;1;3;3;3;2;1;2;3
Point (9.77039790081864901 47.37522543223144567);85c5a17c-1b09-4e8b-8afa-d5d43a78919d;3;3;4;3;2;3;4;2;3;2;2;2;3;3;1;1;2;1;1;1;2;1;2;4;3;2;2;4;2;1;0; < 50.000;1;40K-50K;5;Dornbirn;Municipality (city/town);0.385322701224203;3;3;2;4;3;1;4;1;4;4;4;4;3;3;2;3;1;4;3;2;3;3;3;4;3;3;4;4;3;4;1;2;4;3;1;3;3;2;3;4;2;3;1;3;2;3;3;1;4;4;4;3;3
Point (-1.68208537351669229 48.11173356858160588);f77aa63b-9203-4097-b18f-cb3368b6de1d;4;4;3;4;3;4;4;4;2;4;4;4;3;3;4;4;4;4;4;3;4;3;4;4;4;4;4;4;4;4;1;250.000 - 500.000;4;30K-40K;4;Rennes metropolitan area;Metropolitan Area;0.630551679988721;1;1;1;1;1;1;1;1;1;1;1;1;2;1;1;2;3;1;2;3;1;1;1;1;1;1;1;1;1;1;1;4;1;4;1;1;1;4;1;1;1;1;3;1;2;1;3;2;1;1;2;1;1
Point (6.74783677436960172 49.3114872348188058);60515201-66cd-4aa7-a6ea-591caf28bb15;3;3;4;2;2;3;3;4;3;1;1;1;2;1;2;1;1;3;2;4;1;2;1;1;2;3;2;2;1;1;0; < 50.000;1;30K-40K;4;Saarlouis;Municipality (city/town);0.355663373567019;3;3;3;1;1;3;1;1;1;3;2;3;3;4;2;1;2;2;1;1;2;2;4;1;3;3;3;3;2;4;2;3;3;4;4;4;3;2;3;2;2;3;3;2;4;2;3;2;2;2;1;3;2
Point (7.16876569349083237 51.25072664007082324);1a080707-9acd-48c7-8942-026280ba22d1;2;2;3;1;2;2;2;3;1;1;1;1;4;1;1;2;2;1;3;3;1;1;1;1;1;3;1;1;2;1;1;250.000 - 500.000;4;30K-40K;4;Wuppertal;Municipality (city/town);0.287766645743055;3;3;3;2;3;4;1;4;1;4;3;3;4;4;4;4;4;4;4;4;4;3;3;1;1;1;3;3;1;3;4;2;3;3;4;4;4;2;4;3;4;2;4;4;3;3;2;4;4;4;2;4;4
Point (14.46630742873068876 50.06682133573578852);f544f7d5-0af6-4139-8913-21e0658aef65;4;4;4;4;4;3;4;2;2;4;4;4;4;4;4;4;4;4;4;4;3;3;3;4;4;4;4;4;4;4;1; > 1.000.000;6;40K-50K;5;Prague;Municipality (city/town);0.589779936158612;1;1;2;3;3;4;3;1;1;3;2;1;3;2;4;4;1;1;3;3;3;3;2;2;2;2;2;1;3;2;3;2;3;2;3;3;4;3;2;2;2;2;2;3;1;3;3;1;1;3;3;2;2
Point (-1.65850468419368036 55.00783612647125409);91cec78d-b67c-44d8-8cae-31f68a751bf8;4;3;3;3;3;4;4;4;3;2;3;2;4;2;2;2;1;3;2;3;1;3;3;1;3;1;2;4;3;1;1;250.000 - 500.000;4;20K-30K;3;Newcastle;Municipality (city/town);0.461094388925118;4;3;1;4;4;4;1;1;4;1;4;1;4;4;2;2;3;3;4;2;2;4;4;4;4;4;4;4;4;4;2;4;4;3;3;4;3;4;4;4;2;4;4;4;4;4;3;3;4;4;4;3;4
Point (10.73947965834847196 59.98117054089684785);39e81279-dcbc-4433-b5ab-071a75b4bbb2;4;4;4;3;4;4;4;4;2;3;3;2;4;3;4;3;4;2;3;4;3;3;2;4;3;3;2;4;3;1;1;500.000 - 1.000.000;5;> 50K;6;Oslo;Municipality (city/town);0.537198838657938;4;4;1;3;3;4;1;1;3;1;3;3;3;3;2;1;2;3;1;3;2;2;3;3;2;3;4;2;3;2;4;4;4;3;1;4;3;3;3;3;2;3;4;4;3;4;1;2;4;2;3;2;3
Point (19.02288741120494109 50.21813156919476739);3749b2f2-7bd6-4451-b957-f830480244c4;2;3;3;1;4;2;2;3;2;2;2;2;2;2;2;2;3;1;3;1;3;2;4;4;2;2;1;3;2;1;1;250.000 - 500.000;4;10K-20K;2;Katowice;Municipality (city/town);0.373377377830503;3;3;3;1;4;1;1;1;4;1;1;1;4;4;1;4;4;4;1;1;4;1;3;4;4;2;3;4;4;4;4;3;3;1;1;3;3;2;3;3;3;3;3;3;4;2;3;3;4;2;1;3;3
Point (-0.73357250633542215 52.08380179258123377);19ca9846-923f-4d2e-a80f-db9f98ffc654;4;3;3;3;3;4;4;4;4;3;3;3;3;3;3;3;1;4;3;3;3;2;3;4;2;2;3;3;4;1;1;250.000 - 500.000;4;> 50K;6;Milton Keynes;Municipality (city/town);0.516393162682226;4;3;1;3;3;4;3;1;1;4;3;3;3;1;3;4;4;1;4;1;1;3;2;1;3;2;2;4;2;3;2;4;3;4;4;4;4;2;3;3;3;2;4;2;3;3;4;4;1;4;1;2;3
Point (25.42165220906737844 57.53146769935670335);322f0d08-cc6b-402c-ad81-e643fc3053cf;3;1;1;2;2;4;4;3;4;3;3;4;2;3;4;3;3;3;4;3;4;4;4;4;3;3;2;3;3;1;0; < 50.000;1;< 10K;1;Valmiera;Municipality (city/town);0.463821732569129;3;4;4;1;1;1;1;1;1;1;1;1;3;4;4;4;4;3;2;3;4;2;3;3;3;2;3;3;3;2;4;3;4;4;1;4;4;4;1;1;4;3;4;2;3;3;4;3;3;3;2;3;3
Point (-9.25043790625895568 39.09457306406753219);d2d28ff8-fad1-420e-9596-e99a06d6e67a;1;1;2;4;1;2;3;1;1;2;2;2;2;2;1;1;1;2;2;2;3;3;3;4;1;2;3;1;1;1;0; < 50.000;1;10K-20K;2;Torres Vedras;Municipality (city/town);0.325863746785621;3;3;3;4;4;4;4;4;4;4;3;1;3;3;4;3;3;2;3;3;1;3;4;4;4;4;4;4;3;3;2;3;3;4;4;4;3;2;3;4;3;4;3;3;4;4;4;4;3;3;2;2;4
Point (17.91810546733150389 50.67925490718482706);0089e2cc-ca04-400c-b0cc-083f28742eed;1;1;1;1;1;1;1;1;1;1;1;1;2;1;1;1;1;1;1;3;1;1;2;3;1;1;1;3;1;1;0;100.000 - 250.000;3;10K-20K;2;Opole;Municipality (city/town);0.17065676510989;3;3;3;1;3;3;1;1;4;1;3;1;1;4;2;4;4;4;3;3;4;4;4;4;4;3;4;4;4;4;4;4;3;3;1;4;4;2;3;2;3;4;4;3;4;3;4;3;4;4;2;3;4
Point (15.70846491571693804 50.8711090679906448);bbc9a2e8-4a7a-4b46-b1f4-310ec8cbeef4;1;1;3;1;1;1;2;1;1;1;1;1;1;1;1;1;1;1;1;1;1;1;2;3;1;1;1;2;1;1;0;50.000 - 100.000;2;< 10K;1;Jelenia Gora;Municipality (city/town);0.210444706238977;3;3;3;1;3;1;3;3;1;3;3;3;4;4;4;4;4;4;4;4;4;1;2;2;2;3;2;2;2;2;4;3;1;3;4;1;3;2;3;2;4;1;3;3;3;2;3;4;2;3;2;3;3
Point (16.16195646057480673 49.98138301560397423);aa787c86-4db6-487d-a2c0-2a05d0153d24;1;1;1;1;1;1;1;1;1;1;1;1;1;1;1;1;1;1;1;1;1;1;1;1;1;1;1;1;1;1;0;50.000 - 100.000;2;10K-20K;2;Slatina;Municipality (city/town);0.0651029265873017;3;3;3;4;4;4;4;4;4;4;3;4;4;2;3;4;3;3;2;2;2;4;3;2;4;3;4;4;2;2;1;1;1;4;1;1;1;4;4;4;3;3;3;2;2;2;4;3;3;2;3;4;3
Point (9.36608073498707405 55.74241721283829065);faa8d5a3-8251-4120-89c6-a4c9720f527f;4;2;3;3;1;4;4;2;4;4;4;4;2;4;4;4;2;3;4;3;4;3;4;4;2;2;3;2;4;4;0;100.000 - 250.000;3;> 50K;6;Vejle;Municipality (city/town);0.52511054736499;1;1;4;1;3;1;1;1;3;1;3;1;1;3;1;4;1;2;4;2;1;4;4;2;4;2;3;4;3;3;2;4;1;3;1;4;3;4;1;2;1;3;4;1;4;1;4;1;3;3;3;1;2
Point (15.530768281553609 50.17944184612739633);6164262c-dcb4-4d4a-a1b7-75d1cdcf0bf3;1;1;2;1;2;1;2;1;3;1;1;1;1;1;2;2;4;1;3;3;2;2;3;1;1;1;2;3;1;1;0;100.000 - 250.000;3;10K-20K;2;Kosice;District/Parish/Ward;0.274138270158491;3;3;3;4;4;4;3;4;4;3;4;4;3;3;3;3;3;4;3;3;3;4;4;4;4;4;4;4;4;4;2;4;3;4;4;4;3;2;3;4;3;4;4;3;4;4;4;4;4;4;3;4;4
Point (23.58497196737652857 58.87038900207416958);b228dd24-9e3e-4785-b525-97aa56839555;2;3;4;3;2;2;3;1;3;1;1;1;1;1;1;3;2;1;4;2;1;2;2;1;2;1;1;4;3;1;0; < 50.000;1;10K-20K;2;Haapsalu;Municipality (city/town);0.273275794960078;3;3;3;4;4;4;4;4;4;4;4;4;4;4;4;4;4;4;4;4;4;4;4;4;4;4;4;4;4;4;3;3;3;4;3;3;2;1;1;4;4;4;2;4;4;4;4;4;4;4;4;4;4
Point (-21.98831395700603153 63.9751870258059796);6f223091-b79e-4ad9-9c74-e6645e43b3b1;3;3;4;2;3;3;2;3;3;2;3;3;4;2;1;2;2;3;1;1;2;2;3;3;2;3;2;2;2;1;0; < 50.000;1;> 50K;6;Hafnarfjorour;Municipality (city/town);0.383909176930777;3;3;2;3;3;4;1;1;4;1;1;1;1;2;2;2;3;3;2;2;2;1;2;2;2;2;2;2;1;2;1;4;2;2;4;3;4;1;2;3;2;1;3;1;3;2;1;3;2;3;1;1;1
Point (12.08266076925573884 50.89394009590573376);951bb469-16e1-4547-9722-e89e8b4e5396;2;2;2;2;3;2;2;3;1;2;2;2;3;3;2;1;2;1;1;1;2;3;2;2;3;3;1;4;1;1;1;50.000 - 100.000;2;20K-30K;3;Gera;Municipality (city/town);0.356372895101449;3;3;3;1;1;1;1;1;1;1;3;3;1;1;1;1;2;2;2;2;2;4;4;4;4;4;4;4;4;4;2;3;1;4;1;3;2;3;3;2;1;4;2;2;2;2;3;2;2;2;2;3;2
Point (-0.35975223190665045 39.41983806089648112);c64e23fb-00d3-41ff-baf7-c6ae08dc849f;4;4;2;4;4;4;3;4;4;4;4;4;4;4;4;4;4;4;4;2;3;2;3;3;4;3;3;4;3;4;1;500.000 - 1.000.000;5;20K-30K;3;Valencia;Municipality (city/town);0.575404195401208;1;1;1;4;3;4;4;4;3;4;4;3;4;3;3;4;3;4;4;3;3;1;2;2;2;3;2;2;2;2;2;4;4;3;4;4;3;4;4;4;3;2;4;3;3;3;3;4;3;4;3;4;4
Point (11.95474065126203023 57.73687028156015089);1278dc8c-3eea-4d13-973f-3ed7a2b65995;3;3;1;3;4;3;3;4;1;4;4;4;4;3;4;4;2;4;3;3;4;4;4;4;4;3;4;4;4;1;1;500.000 - 1.000.000;5;40K-50K;5;Goteborg;Municipality (city/town);0.510924608513763;2;1;3;3;1;4;1;1;1;1;3;1;3;2;4;4;4;3;4;4;4;3;3;4;1;1;1;1;1;1;2;4;3;2;3;4;4;1;1;2;4;1;2;2;3;4;3;3;3;4;2;2;3
Point (14.51290819869769066 35.89848679601935544);2e140a60-77ff-4354-a21a-fd065bcde34e;2;1;2;1;2;3;3;4;2;2;2;2;3;2;3;2;1;4;3;4;1;1;4;1;2;2;3;2;4;1;0;100.000 - 250.000;3;20K-30K;3;Valletta;Municipality (city/town);0.386555639094701;3;3;3;3;3;1;3;1;1;1;2;3;3;1;1;1;1;2;1;1;1;2;3;1;3;1;3;3;2;1;3;2;2;1;1;3;1;1;1;2;1;2;1;2;1;1;1;1;2;1;1;1;1
Point (17.30033017336882395 40.46349927360748922);9acc6b81-bd40-477b-b254-f9a650f04fcb;3;3;4;3;3;3;2;3;3;2;2;3;1;2;1;2;3;3;2;1;1;3;1;1;2;3;2;2;2;1;1;100.000 - 250.000;3;10K-20K;2;Taranto;Municipality (city/town);0.377383127646455;3;3;2;2;1;1;1;1;1;1;1;1;4;3;2;2;3;3;3;2;2;1;2;2;2;3;2;2;2;2;2;3;2;2;3;4;2;4;3;1;2;2;4;2;2;1;1;2;4;2;2;2;2
Point (15.03615495960065296 37.44211413219098716);7897d808-71ff-4210-ace1-32fc41da49a1;2;2;3;2;2;3;2;3;2;1;1;1;2;1;2;2;3;3;3;3;2;2;1;4;2;2;1;2;2;1;1;250.000 - 500.000;4;10K-20K;2;Catania;Municipality (city/town);0.321708480846042;3;3;3;4;4;4;4;4;4;4;4;4;4;4;4;4;3;4;3;4;4;3;3;4;3;4;2;3;2;2;2;1;2;4;4;1;4;1;1;4;4;3;2;4;4;3;4;4;3;4;2;3;4
Point (26.54135488604755722 55.89066294369900589);2fa5caaf-9b66-41b7-8aa5-e4a1e54f0164;1;1;1;1;1;1;1;1;1;1;1;1;1;1;1;1;1;1;2;2;1;1;2;3;1;1;1;1;3;1;0;50.000 - 100.000;2;< 10K;1;Daugavpils;Municipality (city/town);0.147199694113757;3;3;3;1;4;1;1;1;1;1;4;1;4;4;1;1;1;1;1;3;4;1;1;1;1;1;1;1;1;1;4;2;1;1;1;1;1;3;1;3;1;1;1;3;4;1;1;1;1;1;4;2;1
Point (14.51290819869769066 35.89848679601935544);40ce4118-fbd0-44ce-bd2f-a7059c877956;2;2;2;3;2;2;3;3;1;2;2;2;4;2;2;2;3;2;1;4;2;1;3;1;1;1;2;2;2;1;1;100.000 - 250.000;3;20K-30K;3;Valletta;Municipality (city/town);0.359519644639129;3;3;3;3;3;1;1;1;3;1;1;1;1;1;1;1;1;1;1;1;1;2;3;1;1;1;1;1;1;1;4;2;1;1;1;4;4;1;1;1;1;1;2;2;1;1;1;1;2;2;1;1;1
Point (-6.26196529585802697 53.34920964215710626);d68a68ba-29e5-4079-a1bb-5720af0471bb;2;1;1;4;2;3;3;4;2;4;4;4;4;3;4;4;3;4;1;4;4;3;4;4;2;1;4;1;4;4;1;500.000 - 1.000.000;5;> 50K;6;Dublin;Municipality (city/town);0.47152184010502;2;1;3;1;3;1;1;1;3;1;2;1;1;2;2;2;1;2;1;2;1;3;2;3;1;2;4;1;3;2;3;4;2;2;1;3;2;3;1;1;1;2;1;2;2;2;1;1;2;1;2;1;1
Point (-18.22474049597180112 65.68098311459151262);1b1e0e7f-07db-438e-b864-e6531dc3dd0a;3;4;2;4;4;3;3;3;2;2;2;2;3;2;2;3;3;2;3;3;1;1;1;3;2;2;2;2;2;1;0; < 50.000;1;> 50K;6;Akureyri;Municipality (city/town);0.404854585008538;3;3;2;4;4;1;1;4;4;1;3;4;4;4;4;4;4;1;4;3;4;3;3;2;3;4;2;2;3;4;2;4;3;1;4;1;3;4;1;4;4;3;4;4;4;3;3;4;1;3;4;3;4
Point (14.33414016101911059 46.25489901517168789);854f4ea4-92b8-4593-aef2-309c12761b30;2;3;2;4;3;2;1;2;2;3;3;3;2;3;2;3;3;4;4;2;1;2;2;2;4;4;4;3;2;1;0;50.000 - 100.000;2;10K-20K;2;Kranj;Municipality (city/town);0.404725450243067;3;3;2;1;1;1;1;1;1;1;1;1;3;3;4;3;3;4;4;3;3;4;4;4;4;4;4;4;4;4;2;2;4;4;4;4;3;3;3;1;4;4;4;2;3;4;4;4;4;3;3;3;4
Point (33.0200748124480512 34.69216096266554672);6b776861-3a4f-42bd-971e-f14aa6edeaff;1;1;1;1;1;1;1;1;1;1;1;1;1;1;1;1;1;1;1;1;1;1;1;1;1;1;1;1;1;1;0;100.000 - 250.000;3;20K-30K;3;Limassol;Municipality (city/town);0.123218005952381;3;3;3;1;4;1;1;1;1;1;4;4;4;2;2;2;3;3;2;2;2;1;2;2;2;3;2;2;3;3;1;4;1;1;1;1;1;4;4;4;2;2;3;1;4;1;1;2;1;1;4;4;2
Point (21.03577730338191998 56.54069879417317424);2d38c845-bfcb-4164-a035-c588aeba8c4f;2;2;4;1;2;2;3;2;3;2;3;4;1;2;2;1;1;1;1;1;4;4;4;1;2;2;1;2;2;1;1;50.000 - 100.000;2;10K-20K;2;Liepaja;Municipality (city/town);0.382309185027935;3;3;3;2;1;1;4;3;3;1;3;3;4;4;3;4;4;4;3;4;4;3;3;4;3;4;4;3;4;2;1;4;1;1;3;4;1;3;1;2;4;3;2;2;4;2;3;3;4;2;3;2;3
Point (5.9785472099080712 49.49347403574191162);00579472-57a5-446e-bd65-a99d23512435;2;2;3;2;1;2;1;3;1;1;1;1;2;1;1;1;1;1;2;1;1;1;1;3;1;2;1;1;1;1;0; < 50.000;1;> 50K;6;Esch-sur-Alzette;Municipality (city/town);0.245082311592729;3;3;3;1;1;1;1;1;1;1;1;1;1;1;1;1;1;1;2;2;1;1;1;1;1;1;1;1;1;1;1;4;1;1;1;1;1;4;4;1;1;1;3;1;2;1;1;1;1;1;2;2;1
Point (5.07498833744798272 52.09115451950582809);343566f0-831e-4f72-b236-1ab4ca81aee2;4;4;1;4;4;3;3;3;4;4;4;2;4;4;4;4;4;4;4;4;4;4;4;4;4;4;4;2;4;4;1;250.000 - 500.000;4;> 50K;6;Utrecht;Municipality (city/town);0.553264707140626;1;4;2;1;1;1;1;1;3;1;2;1;4;4;4;4;4;3;4;4;4;2;1;3;1;1;3;3;1;1;2;2;4;4;1;4;4;2;1;1;4;1;4;3;2;4;4;2;3;3;2;2;3
Point (15.76353940367242146 50.03015242345346536);f618b79b-1460-45bf-b531-c919fbb89c6e;2;2;2;4;1;2;2;2;3;3;4;4;2;4;3;3;4;2;3;4;3;3;3;4;2;3;3;1;3;1;0;50.000 - 100.000;2;10K-20K;2;Pardubice;Municipality (city/town);0.435215893821593;3;2;3;3;3;4;4;4;4;4;4;3;3;3;2;2;3;3;2;3;2;2;3;3;3;3;3;3;2;3;1;2;3;3;3;4;4;2;3;4;2;3;2;2;2;2;2;3;4;3;3;2;3
Point (25.27154065997435595 54.69212208858676405);6b809558-bcb5-441c-aac2-b6d5932aeeee;4;4;4;4;4;4;4;4;3;4;4;4;4;4;4;4;4;4;4;3;4;4;4;4;4;4;4;4;4;4;1;500.000 - 1.000.000;5;20K-30K;3;Vilnius;Municipality (city/town);0.75814769431957;1;1;1;4;3;3;3;4;3;4;3;4;3;1;1;1;2;1;1;4;3;3;3;2;2;4;4;3;4;3;3;2;4;1;3;3;4;1;3;3;1;3;1;3;1;3;1;3;2;3;3;3;2
Point (12.65682370760266018 45.95373524256439879);c4dd06b9-7661-4dc9-8abc-a7bb3e997ed5;1;2;3;3;1;1;1;1;1;1;2;2;1;2;1;1;1;3;1;3;1;1;1;4;1;1;2;1;2;1;1;50.000 - 100.000;2;30K-40K;4;Pordenone;Municipality (city/town);0.277841990378448;3;3;3;3;3;3;1;4;3;3;3;1;3;2;4;3;3;3;3;3;3;4;4;4;4;4;4;4;4;4;3;3;3;3;3;3;3;1;3;3;3;4;2;4;4;4;3;4;4;4;3;3;4
Point (-6.75685126219192167 41.82233500033588314);e38464d9-748f-4f12-90b9-82ac8065ca65;3;4;2;4;4;2;3;1;3;3;4;4;3;3;3;3;3;1;4;2;4;4;3;4;4;3;4;4;2;1;0; < 50.000;1;10K-20K;2;Braganca;Municipality (city/town);0.487612544477128;3;2;2;2;3;3;3;3;3;3;2;3;3;3;4;4;3;4;4;3;3;4;3;4;4;4;4;4;3;4;2;3;3;3;3;4;2;3;3;2;4;4;3;2;3;3;3;3;4;3;3;3;3
Point (-0.35975223190665045 39.41983806089648112);b7deaf0d-c481-41fc-8f82-d3af212dbdec;4;4;4;4;3;3;1;3;4;4;4;4;4;4;4;4;4;3;4;3;4;4;2;4;4;4;4;4;3;4;0;500.000 - 1.000.000;5;20K-30K;3;Valencia;Municipality (city/town);0.542072956013213;1;1;2;4;4;4;1;1;4;1;4;4;3;3;2;2;3;4;3;3;3;3;4;2;2;3;4;4;4;4;4;3;3;3;4;4;3;3;3;4;2;4;4;4;4;3;2;2;4;3;4;3;4
Point (27.20438494048511657 45.6958006617263166);5d5c9261-c396-421b-8d62-cac7dae2a7b7;2;3;1;3;4;1;1;1;3;1;1;1;3;1;2;2;3;1;1;4;1;2;2;1;3;2;1;4;2;1;1;50.000 - 100.000;2;< 10K;1;Focsani;Municipality (city/town);0.301405764629569;3;3;3;1;4;1;1;1;1;1;3;4;3;4;4;4;4;1;2;4;4;2;4;2;2;3;2;2;2;3;2;4;1;1;1;1;1;4;4;3;3;2;3;2;4;2;2;3;1;1;4;4;3
Point (6.58310931179755787 53.2232759542375149);9d94ae41-ea8e-4ee6-8c94-e88c4a9a6fe9;4;3;4;2;3;3;4;3;3;3;3;3;3;2;3;2;3;2;2;4;3;4;2;3;2;1;2;4;3;1;1;100.000 - 250.000;3;40K-50K;5;Groningen;Municipality (city/town);0.46847534909943;4;3;2;4;4;1;1;1;4;1;3;1;4;2;4;4;4;3;4;2;4;3;1;1;1;1;2;1;2;1;4;4;3;1;1;4;3;3;1;3;4;1;3;4;3;2;3;3;3;3;2;2;3
Point (19.5140500856254242 40.71935755507970356);d6f8235a-c9c0-4ae6-b984-c478dc61d76c;1;1;2;3;1;1;3;1;1;1;2;2;2;2;1;2;2;1;1;2;2;2;3;2;1;1;2;1;1;1;1;100.000 - 250.000;3;< 10K;1;Fier;Municipality (city/town);0.282888069174834;3;3;3;4;1;1;1;1;1;1;4;4;3;4;3;3;1;4;3;4;3;4;4;4;4;3;4;4;4;4;3;1;1;1;1;1;1;1;1;3;3;4;1;4;2;2;2;1;3;2;3;3;3
Point (14.20365592297469348 42.45590160093542664);509d9fcf-5855-4114-9dc4-1a685d7ca848;2;3;3;3;3;1;1;1;2;1;1;1;1;2;2;1;1;2;3;2;2;1;4;2;4;4;2;4;1;1;1;100.000 - 250.000;3;20K-30K;3;Pescara;Municipality (city/town);0.291062907000407;3;3;3;4;4;1;4;1;4;4;4;4;3;2;2;3;4;3;3;3;2;4;4;4;4;4;4;4;4;4;1;1;1;1;4;1;1;4;4;4;3;4;3;4;4;2;3;4;3;4;4;4;4
Point (-8.49692688807619234 41.18509229502430458);a70eb20a-5cc9-4e0f-a150-b551b3fa3cf2;1;1;2;1;1;2;3;1;2;1;1;1;1;1;1;2;3;1;3;1;3;2;4;4;1;1;1;2;1;1;0;50.000 - 100.000;2;10K-20K;2;Valongo;Municipality (city/town);0.232073126526252;3;3;3;2;3;3;3;1;3;3;2;3;1;1;1;3;1;2;2;2;3;3;3;2;2;3;4;4;1;2;4;4;1;2;1;3;2;4;1;2;1;3;4;3;3;1;2;1;2;2;2;2;2
Point (23.69460948550523227 56.9595208400655153);506ef1de-bc89-4e9d-b238-61e1a39c4990;3;2;4;1;1;3;4;2;4;2;2;3;1;3;1;1;1;2;1;1;2;2;2;4;2;2;1;2;2;1;0; < 50.000;1;10K-20K;2;Jurmala;Municipality (city/town);0.368372031132447;3;3;3;4;3;3;1;4;3;4;4;4;3;3;3;3;3;4;4;4;3;4;4;4;4;4;4;4;4;4;4;3;3;3;4;4;3;4;4;4;3;4;4;4;4;4;3;4;4;4;4;4;4
Point (18.01235620374863089 42.71065081888633586);c3557154-6967-4382-80c6-00655815313c;2;3;2;4;2;2;2;3;2;2;3;3;2;3;2;2;3;1;2;1;2;3;1;1;2;2;2;2;1;4;0; < 50.000;1;10K-20K;2;Dubrovnik;Municipality (city/town);0.38193232768049;3;3;2;1;3;1;1;1;3;1;2;3;1;2;3;2;3;3;1;3;4;1;2;2;2;3;2;2;3;2;2;3;1;3;1;4;1;3;1;2;2;2;2;1;2;2;1;2;4;1;2;2;2
Point (11.64159611428043561 52.11646365045606899);458d37dd-001b-4c8f-addf-0e50cd12130f;1;1;1;2;3;1;1;1;2;1;1;2;2;2;1;1;1;2;1;1;1;1;2;3;2;3;1;2;1;1;1;100.000 - 250.000;3;30K-40K;4;Magdeburg;Municipality (city/town);0.245801723835577;3;3;3;3;4;3;1;4;1;1;3;3;1;4;3;1;1;1;1;1;1;2;1;1;1;1;1;1;1;1;4;4;1;1;4;4;1;3;1;3;1;1;4;3;4;1;1;2;1;1;1;1;1
Point (-4.34117332266704725 56.24458259310121377);cb8389cc-0b1a-4e2d-b1c5-c2581d3c872e;1;1;2;2;1;2;1;3;3;3;3;3;2;3;2;2;3;2;2;3;3;2;3;3;2;3;2;1;1;1;1;50.000 - 100.000;2;30K-40K;4;Stirling;Municipality (city/town);0.357432313618435;3;3;3;1;1;1;1;1;1;1;1;1;1;2;2;3;3;2;3;3;1;2;2;2;1;1;1;1;2;1;3;4;2;2;3;3;2;3;2;1;2;1;2;2;2;1;2;2;1;1;2;1;1
Point (33.40434391147579873 35.18062925180132083);bd4a575f-1e1f-4e51-adc3-7c6f0d0ba7af;1;1;1;2;1;1;1;3;1;2;3;4;1;4;2;2;3;1;1;2;4;3;3;4;1;2;2;1;1;1;1;100.000 - 250.000;3;20K-30K;3;Nicosia;Municipality (city/town);0.308716194004797;3;3;3;4;4;4;1;1;1;1;4;4;4;2;2;4;4;3;2;4;2;4;4;4;4;4;4;2;4;4;4;2;4;4;4;4;3;3;3;4;3;4;4;4;4;4;4;4;3;2;4;4;4
Point (8.29118229205362489 47.05352254313979188);cba9c8e8-d1c4-4a65-a8a9-9b096a8e61ac;2;2;2;2;2;3;3;3;2;2;3;4;1;3;1;2;2;3;3;1;3;3;3;2;2;3;2;2;2;1;1;50.000 - 100.000;2;> 50K;6;Luzern;Municipality (city/town);0.380029898892185;3;3;3;1;1;1;1;1;3;1;3;1;3;4;4;3;3;4;3;3;3;3;1;4;4;4;4;4;3;4;3;4;3;3;4;4;2;4;4;2;3;3;4;3;3;3;3;3;4;2;4;3;3
Point (5.72128971018142707 45.18232459385522048);f7c34425-3e19-47ac-a771-bcffd9611d8f;4;4;3;2;4;4;4;4;4;4;4;4;4;4;4;4;4;4;3;4;4;4;3;2;4;3;4;4;4;4;1;250.000 - 500.000;4;30K-40K;4;Grenoble metropolitan area;Metropolitan Area;0.599486306517556;1;1;1;4;4;4;4;4;4;4;4;4;3;3;4;3;3;4;4;3;3;4;4;4;4;4;4;4;4;4;2;3;3;3;4;4;3;3;3;4;4;4;3;4;4;4;4;4;4;4;4;4;4
Point (3.40806888761004068 50.61615482568335267);1faf2404-2554-41ea-9e5c-42dafb037892;2;3;3;2;3;2;2;2;2;2;1;2;1;2;3;3;3;2;4;3;2;1;3;3;3;3;3;3;3;1;0;50.000 - 100.000;2;20K-30K;3;Tournai;Municipality (city/town);0.362396358152333;3;3;3;4;3;1;4;1;1;4;2;1;4;4;4;4;4;4;4;4;4;3;3;3;3;2;2;3;3;2;1;1;1;4;3;1;4;3;1;4;4;3;2;4;3;3;4;3;3;4;3;3;4
Point (15.67557141073404381 56.28372025099394449);333023a8-c069-4049-a023-7d79c44b15ad;4;4;4;2;4;4;4;4;4;4;4;4;4;4;3;2;2;4;2;4;4;4;4;3;4;4;3;3;4;1;0;50.000 - 100.000;2;30K-40K;4;Karlskrona;Municipality (city/town);0.607545685075863;1;1;1;4;4;3;4;4;1;4;4;4;4;3;4;4;3;3;4;4;3;2;3;3;3;3;3;3;2;3;3;2;3;4;4;4;3;2;3;4;4;3;3;3;3;3;4;4;3;3;3;3;4
Point (-1.10715192215190972 37.92166492543060485);dda9e50b-1f85-40d8-9fb7-f672f15ccd3c;1;2;2;3;2;1;1;2;2;1;1;1;1;2;2;3;4;3;2;1;1;2;2;2;3;3;2;3;1;1;1;250.000 - 500.000;4;20K-30K;3;Murcia;Municipality (city/town);0.270320132192834;3;3;3;3;1;1;1;1;1;1;3;1;1;2;3;1;1;3;1;2;2;1;1;1;1;1;1;1;1;1;4;1;1;1;1;1;4;4;1;2;1;1;3;3;1;1;1;1;1;2;2;1;1
Point (13.60970069818051975 59.46617586137917044);bb04773f-d5d1-4b7a-96d5-df49eaf4a04b;1;1;3;2;1;1;3;1;1;1;1;2;1;2;1;1;1;1;1;2;1;2;1;3;1;1;2;1;1;1;0;50.000 - 100.000;2;30K-40K;4;Karlstad;Municipality (city/town);0.255110590605382;3;3;3;4;4;4;4;4;4;4;4;4;4;4;4;4;4;4;4;4;4;4;4;3;4;4;4;4;4;4;4;4;4;4;4;4;4;4;4;4;4;4;4;4;4;4;4;4;4;4;4;4;4
Point (15.62765329162769312 46.56318254678024715);e384f4f9-cc1f-467c-869d-d6cc40dd9f01;1;1;3;1;1;1;2;1;1;1;2;2;1;2;1;3;4;1;4;1;3;1;4;3;1;1;1;1;2;1;0;100.000 - 250.000;3;10K-20K;2;Maribor;Municipality (city/town);0.277599930876585;3;3;3;1;1;1;1;1;1;1;1;1;3;1;2;2;2;3;3;2;2;3;3;3;2;2;4;3;3;4;4;1;1;1;1;1;1;4;4;1;2;3;3;3;1;1;1;1;2;2;3;4;2
Point (25.02066084311153915 60.22280481501531568);66c0311f-4d76-435f-8c6c-a8113ee37626;4;4;4;4;3;4;4;4;3;4;4;4;3;4;4;4;3;4;4;4;4;4;3;4;4;4;4;3;4;4;1;500.000 - 1.000.000;5;> 50K;6;Helsinki;Municipality (city/town);0.63116986600228;1;1;1;4;4;1;1;1;1;1;4;4;4;4;1;1;1;1;1;4;4;4;4;2;3;3;3;2;4;4;4;4;1;1;1;1;1;3;3;3;1;4;1;4;4;1;1;1;1;1;4;4;2
Point (-0.52264082246562404 39.41772735134081529);dd7d5142-214a-42fa-9583-f54f5b9f57bf;3;4;4;2;3;2;3;2;3;2;2;2;2;2;3;4;3;2;4;1;3;2;2;4;3;3;2;4;3;4;1;50.000 - 100.000;2;20K-30K;3;Torrent;Municipality (city/town);0.410690340971438;3;3;2;4;4;4;4;4;4;4;4;4;4;4;4;4;4;4;4;4;4;4;4;4;4;4;4;4;4;4;4;3;3;4;4;4;3;3;1;4;4;4;4;4;4;4;4;4;4;4;4;4;4
Point (4.83635157262505544 45.75467587347618803);0bc82e8f-4a4d-4be9-9f14-9a0ac5da621e;4;3;3;2;4;4;4;4;3;3;2;2;2;3;4;4;4;3;4;2;3;4;2;4;4;4;3;4;4;4;1; > 1.000.000;6;40K-50K;5;Lyon metropolitan area;Metropolitan Area;0.525499061549153;4;4;1;3;3;1;3;1;1;3;1;3;4;2;3;3;1;1;4;1;1;4;3;3;3;2;2;3;1;3;4;1;4;4;1;1;4;1;1;2;1;3;2;4;1;4;3;1;1;4;1;1;2
Point (12.2390063156275648 55.65911195559601765);ce61f923-2e16-49ea-9538-60f8a6d8d3f3;4;2;3;3;1;4;4;4;3;3;3;3;3;2;2;4;4;3;2;3;2;2;1;4;1;1;4;1;2;4;1;50.000 - 100.000;2;> 50K;6;Hoje-Taastrup;Municipality (city/town);0.46457330159628;4;3;4;3;1;1;1;1;1;1;1;1;1;1;1;1;1;1;1;1;1;1;1;1;1;1;1;1;1;1;4;4;1;1;1;1;1;4;1;1;1;1;3;2;2;1;1;1;1;1;1;1;1
Point (8.75426046105234157 51.73018330681303212);9f13f0f0-5aa1-410f-8b21-3e4bb85c4019;3;4;4;3;4;3;2;4;2;1;1;1;3;1;2;3;4;3;3;2;2;1;3;4;2;2;2;2;2;1;1;100.000 - 250.000;3;30K-40K;4;Paderborn;Municipality (city/town);0.372942348591858;3;3;2;2;3;3;1;4;3;4;3;4;3;3;4;3;4;4;4;3;3;3;4;4;4;4;4;4;4;4;2;2;4;3;4;3;3;2;4;3;4;4;3;2;3;4;4;4;4;4;3;4;4
Point (0.26650004283028467 50.77688495544250458);2e222c89-6da2-4c9d-87be-fb04783a429b;2;2;3;2;2;2;2;3;1;1;1;2;2;2;1;1;1;2;1;3;1;1;1;2;1;1;2;1;1;1;1;100.000 - 250.000;3;20K-30K;3;Eastbourne;District/Parish/Ward;0.319601383859197;3;3;3;4;1;4;1;1;4;4;4;1;3;3;2;1;2;2;3;4;4;3;3;4;3;2;2;3;4;2;3;2;2;3;4;4;3;3;1;4;2;3;3;3;2;3;1;4;4;3;4;2;3
Point (6.14222278227936425 46.20576805846789625);44497d16-5a0c-4e30-b456-f9f29fe60d28;3;3;4;2;2;3;3;2;3;1;1;1;1;2;1;2;1;2;1;1;2;2;1;4;2;3;2;2;1;4;1;100.000 - 250.000;3;> 50K;6;Geneve;Municipality (city/town);0.32170032051282;3;3;3;4;3;1;1;1;4;3;3;4;4;4;4;4;4;4;4;4;4;3;3;3;3;4;4;3;3;3;4;3;4;3;3;4;3;4;3;3;4;3;4;4;3;4;3;3;4;4;4;4;4
Point (13.01836287838601791 55.56610453477372147);c673ca8b-a2a0-4199-aab6-325de9a5bb82;2;2;1;2;4;2;1;3;2;4;4;4;4;3;3;2;2;3;3;4;2;2;1;4;4;4;4;4;2;1;1;250.000 - 500.000;4;30K-40K;4;Malmo;Municipality (city/town);0.455045796523738;2;2;3;4;4;4;4;4;4;4;3;4;4;2;1;1;1;3;2;4;4;3;3;4;4;4;4;4;3;4;4;3;3;3;4;4;3;4;4;4;2;4;4;4;3;2;2;3;4;3;4;4;4
Point (21.20191688171917832 45.76444190216354002);1519f456-03ae-43ab-8a97-0c64c4c1996d;1;1;1;2;2;2;2;2;4;2;2;3;2;2;2;3;3;2;4;2;1;1;1;2;2;3;2;2;3;1;1;250.000 - 500.000;4;10K-20K;2;Timisoara;Municipality (city/town);0.326969208992034;3;3;3;3;1;1;1;1;1;1;1;1;4;3;4;4;4;4;4;4;4;4;3;2;2;2;2;2;2;3;2;3;1;1;1;1;1;3;2;1;4;2;1;3;3;3;3;3;3;3;2;3;3
Point (2.16652391931907085 48.73585749743656947);c562d21e-999b-4f87-8df4-9a83f03ee906;3;3;2;2;3;3;2;4;2;3;4;4;3;4;3;2;1;2;2;2;4;4;4;3;3;4;3;3;2;4;1;250.000 - 500.000;4;40K-50K;5;Paris-Saclay;Unions of municipalities/Mountain communities;0.478685441583879;3;2;3;4;4;1;4;1;4;1;4;4;3;4;4;4;3;4;2;4;4;4;4;3;4;3;4;3;4;4;2;1;1;1;1;4;1;4;3;4;4;4;2;3;4;2;4;2;4;1;4;4;4
Point (-8.29296420167483639 41.44418962435684506);7e7ec6f4-9281-4615-8f8f-d3ea62783cd5;4;4;4;4;3;4;4;4;4;4;4;3;4;4;4;3;4;3;3;4;4;4;4;4;4;4;4;3;4;1;1;100.000 - 250.000;3;10K-20K;2;Guimaraes;Municipality (city/town);0.622846048661307;1;1;1;3;3;1;4;3;3;3;3;1;1;2;1;2;3;3;4;3;1;3;2;2;3;3;2;3;3;2;3;2;2;4;3;3;2;3;2;3;2;2;2;2;1;1;3;3;2;2;3;1;2
Point (25.61353912754242756 42.40659418761901378);9a3f4332-7a62-48ab-b639-f26afe727fd4;1;1;1;3;1;2;2;2;3;2;3;3;3;2;2;3;3;3;3;1;2;3;3;1;1;1;2;1;4;4;0;100.000 - 250.000;3;< 10K;1;Stara Zagora;Municipality (city/town);0.332258412118246;3;3;3;3;1;1;1;1;1;1;2;1;3;4;3;4;1;4;2;1;2;3;3;3;3;4;4;3;3;3;3;3;3;4;3;3;2;1;3;1;2;3;2;2;3;2;4;2;3;2;1;2;2
Point (10.15699783569668746 56.162567235537459);0ed09e1e-5143-47bd-9185-e528ea7a9a21;4;4;4;4;4;4;4;4;4;4;4;4;3;3;4;3;3;4;3;3;4;4;4;1;4;3;4;4;4;1;1;250.000 - 500.000;4;40K-50K;5;Aarhus;Municipality (city/town);0.61766506724258;1;4;1;1;1;1;1;1;1;1;2;3;4;2;2;2;4;3;2;4;4;2;1;1;1;1;1;1;2;3;4;2;4;2;3;1;2;4;4;1;3;1;3;3;1;2;1;3;1;1;3;3;2
Point (21.24201850339716202 48.9935766901208396);0d26540b-862b-4924-b5ec-4ccfc4bafbd7;3;2;2;1;3;4;3;4;3;3;2;2;2;3;3;4;4;4;4;3;3;3;3;3;2;1;2;3;4;1;0;50.000 - 100.000;2;10K-20K;2;Presov;Municipality (city/town);0.435723067016725;3;3;4;1;1;4;1;1;1;1;3;1;4;4;2;2;3;3;3;3;2;3;3;3;2;2;4;3;3;2;1;1;4;1;1;1;4;3;3;2;3;3;3;1;2;4;1;2;2;4;3;2;2
Point (27.88298589852957221 43.19949220446464011);c93edcfa-1528-43d0-b477-08c7b1861aa2;2;2;2;1;2;3;3;4;1;1;1;1;3;1;1;2;3;3;1;2;1;1;1;1;1;1;2;2;3;1;1;250.000 - 500.000;4;< 10K;1;Varna;Municipality (city/town);0.314885863132646;3;3;3;1;1;1;1;1;3;1;3;1;4;4;3;3;1;4;4;4;1;4;4;4;4;3;4;4;4;4;3;2;3;1;1;4;2;2;3;2;3;4;2;4;3;3;3;1;4;4;4;1;3
Point (16.99629066085609708 51.1276052994096446);89eae09e-bcd9-4885-bae0-3d3e4cfb922b;3;1;1;3;2;4;4;2;4;3;3;4;3;3;3;3;2;4;3;2;3;3;4;3;3;2;3;3;4;1;1;500.000 - 1.000.000;5;20K-30K;3;Wroclaw;Municipality (city/town);0.450453015326177;3;3;4;1;3;1;1;1;1;1;2;1;3;3;2;2;3;4;3;3;2;1;3;2;2;2;4;2;3;2;1;4;1;1;1;4;1;4;1;1;3;2;2;1;3;1;1;2;4;1;3;1;2
Point (25.28725898101154357 42.86885822265900003);08f8664d-c3b3-4426-ade1-3089462246cc;3;3;1;4;4;3;3;3;3;3;2;2;3;1;3;4;3;3;4;3;3;3;3;2;4;3;4;4;4;1;0;50.000 - 100.000;2;< 10K;1;Gabrovo;Municipality (city/town);0.426136394452724;3;3;2;4;4;4;4;4;4;4;4;1;4;4;4;3;3;4;3;4;1;4;4;2;4;4;4;2;4;2;4;2;4;4;4;4;3;2;1;4;3;3;4;4;4;4;4;4;4;3;4;1;4
Point (-8.13152773576707411 54.65978450030554825);35fca57a-7c13-482a-bb3f-4b7adce05fe7;3;2;2;3;3;3;3;4;1;4;4;4;4;4;4;3;3;3;3;3;4;3;4;4;4;4;4;3;3;4;0;100.000 - 250.000;3;20K-30K;3;Donegal;County/Province;0.528932384608855;2;1;3;2;1;1;1;1;1;1;1;1;4;4;4;4;4;4;3;4;4;4;4;4;2;2;4;1;1;2;2;4;3;4;1;3;3;4;1;1;4;3;4;3;4;4;4;3;4;2;4;3;4
Point (12.53074544663530432 44.03925315158546994);d278a827-6b7f-4d14-a358-1cd2efd437e1;1;1;2;1;2;2;3;1;2;2;1;2;1;1;2;3;4;1;3;2;2;2;1;4;1;2;3;1;3;4;1;100.000 - 250.000;3;30K-40K;4;Rimini;Municipality (city/town);0.298088530631269;3;3;3;2;3;1;1;1;3;1;3;1;4;1;2;2;1;1;1;3;1;1;2;2;2;2;2;2;1;2;3;1;4;4;1;1;1;2;1;2;1;1;2;2;1;4;3;1;1;1;1;1;1
Point (21.15196563502093596 55.70746145122231496);ec189398-6f62-45ee-8c42-7454e97685cc;2;2;3;2;1;3;2;2;4;2;2;3;1;2;2;3;2;3;3;2;2;3;2;2;1;2;1;1;4;1;0;100.000 - 250.000;3;10K-20K;2;Klaipeda;Municipality (city/town);0.363016792813667;3;3;3;1;1;1;1;1;1;1;1;1;1;1;1;1;1;1;1;1;1;1;1;1;1;1;1;1;1;1;1;4;4;1;1;1;1;1;1;1;1;1;1;1;2;2;1;1;1;1;1;1;1
Point (8.79317494395349186 45.66284175630367059);d5d99f50-94c5-4908-bf47-1ef3257aec9a;2;2;2;1;2;2;3;1;3;1;1;2;1;2;1;1;1;2;1;2;1;1;1;3;2;2;1;3;2;1;1;50.000 - 100.000;2;30K-40K;4;Gallarate;Municipality (city/town);0.291022102897103;3;3;3;3;4;3;1;3;1;1;4;4;4;4;4;4;4;4;4;4;4;1;4;2;4;4;3;2;4;4;1;3;3;2;4;4;2;3;4;3;4;4;2;1;4;3;3;4;4;3;4;4;4
Point (-2.93738446139206344 43.25400681839098382);1f289eca-d548-41c8-8f72-e821cf426a16;3;4;2;4;4;3;2;3;3;3;4;4;4;2;3;4;3;4;4;2;3;4;2;2;4;3;4;4;3;4;1;250.000 - 500.000;4;30K-40K;4;Bilbao;Municipality (city/town);0.494134244262001;3;3;2;3;3;3;3;4;4;4;4;4;1;2;3;2;3;3;1;3;3;3;3;3;3;4;2;2;4;2;3;3;3;3;3;3;2;2;2;4;2;3;2;2;3;2;2;3;3;2;4;3;3
Point (22.10040946908760517 65.78358552079978949);baafdd85-5ce6-4010-bf36-e670fd997b45;2;3;2;3;3;1;3;2;1;2;2;2;4;3;2;1;1;2;2;4;1;2;2;2;3;3;2;3;1;1;0;50.000 - 100.000;2;40K-50K;5;Lulea;Municipality (city/town);0.359950824156553;3;3;3;1;3;1;4;4;3;4;3;3;4;2;4;4;4;4;3;4;4;1;2;3;3;3;2;2;2;2;2;2;4;4;4;3;2;2;3;3;4;2;3;1;1;4;4;4;3;2;3;3;3
Point (12.39528676214308511 43.13656537731848317);865ed675-7506-4260-9afd-ce9f8edee778;4;4;4;3;4;3;2;4;3;2;2;3;2;2;3;3;1;4;4;3;1;1;1;3;4;4;2;4;4;1;1;100.000 - 250.000;3;20K-30K;3;Perugia;Municipality (city/town);0.433004931700244;4;3;2;4;3;3;1;4;3;3;2;1;4;2;1;1;2;2;2;1;1;2;1;3;1;1;1;3;2;1;3;1;2;1;3;4;4;1;1;3;1;1;1;4;1;1;1;2;2;3;1;1;1
Point (-8.43616015295226163 41.54520296649110378);1414f9a6-af59-45dd-8aea-355e7f08f0ee;3;3;2;3;3;2;3;2;2;2;2;3;3;1;2;2;1;1;3;1;4;4;4;4;3;3;4;2;3;1;1;100.000 - 250.000;3;10K-20K;2;Braga;Municipality (city/town);0.39634582421822;3;3;2;4;3;4;1;1;3;3;2;3;3;4;3;4;4;3;3;3;4;2;3;3;1;1;1;3;2;3;2;3;3;1;1;4;2;1;4;3;4;2;2;2;3;3;3;3;3;2;2;3;3
Point (16.07981326511848508 45.67497928996220224);ad3f1897-66e5-4693-b326-acd17e208a5a;1;1;1;1;1;1;1;1;1;1;1;1;1;1;1;1;2;1;1;1;1;1;1;1;1;1;1;1;1;1;0;50.000 - 100.000;2;10K-20K;2;Velika gorica;Municipality (city/town);0.101516775112823;3;3;3;4;4;4;1;4;1;1;4;1;3;4;2;2;3;3;2;2;1;3;3;3;2;3;2;2;3;3;2;3;4;3;4;3;2;3;1;4;2;3;3;4;4;4;2;3;2;2;4;1;3
Point (23.61064140877963169 43.28402752952234778);88dbdbdc-9524-481e-aa61-1f979772a9d7;3;3;4;3;2;3;3;2;4;3;3;3;2;2;2;3;4;3;4;2;2;4;2;1;3;2;3;3;3;1;0;50.000 - 100.000;2;< 10K;1;Vratsa;Municipality (city/town);0.420972535741991;3;3;3;4;4;4;4;4;4;4;3;4;4;3;2;3;3;2;3;3;3;4;3;4;4;4;4;4;4;3;3;3;3;3;3;3;2;2;3;4;3;4;2;3;3;3;3;3;3;3;3;3;3
Point (-0.53719620439505333 38.38328413287843688);0499ca59-0379-46a3-b464-8bede7ed349e;3;4;4;3;3;2;2;1;3;2;2;2;3;2;2;4;4;3;3;1;2;2;1;4;3;4;2;3;4;4;1;250.000 - 500.000;4;10K-20K;2;Alicante;County/Province;0.383196130615708;3;3;2;4;4;4;4;4;4;4;4;4;4;2;4;2;3;3;3;3;3;4;3;4;4;3;3;4;3;4;4;2;4;3;4;3;3;2;4;4;3;4;4;4;3;4;4;4;4;3;2;4;4
Point (20.54924747072632485 64.8118088735396185);d6c00b28-14b0-40d7-8595-558670443d90;3;3;4;3;2;4;3;3;4;4;4;3;4;4;3;2;2;2;2;4;3;4;2;4;3;4;4;1;1;1;1;50.000 - 100.000;2;40K-50K;5;Skelleftea;Municipality (city/town);0.512342600317937;2;2;2;4;3;1;1;4;3;4;4;4;3;2;3;3;1;3;2;4;3;1;3;3;3;2;3;2;4;3;2;1;1;1;4;1;4;4;3;3;2;3;4;2;1;2;2;4;2;4;4;3;3
Point (12.55355652404689693 55.67544290747933644);4de8b685-daf6-4e3b-a1e4-0e729577a29f;4;3;1;4;4;4;2;4;2;4;3;2;4;4;4;3;3;3;1;4;3;4;3;3;3;2;4;3;3;3;1;500.000 - 1.000.000;5;> 50K;6;Copenhagen;Municipality (city/town);0.502064548724016;1;4;4;1;1;1;1;1;1;1;1;1;3;4;3;3;3;4;3;3;3;3;3;2;3;2;4;3;3;3;2;2;3;4;3;3;4;2;3;1;3;3;3;1;3;2;3;2;3;3;2;2;2
Point (15.36126425932263828 60.44857143581413084);fbc2cf37-379b-4644-af4b-b71984d536b5;4;4;1;4;3;4;4;4;4;3;2;1;2;3;3;4;3;4;4;3;2;2;3;3;4;4;4;3;4;1;0;50.000 - 100.000;2;30K-40K;4;Borlange;Municipality (city/town);0.482488866094871;4;4;1;2;1;1;1;1;1;1;1;1;1;4;1;4;4;1;1;4;1;2;3;3;1;1;3;3;2;3;3;2;2;1;1;3;2;1;3;1;2;2;1;1;2;1;3;3;1;1;1;1;1
Point (23.61039038418695313 46.78192976767667233);9e9d269e-38c5-4ec5-b7e9-afb3215d9bde;3;3;2;4;3;3;2;3;3;3;3;3;3;3;2;2;1;2;3;2;3;4;3;1;3;1;4;3;3;1;0;250.000 - 500.000;4;10K-20K;2;Cluj-Napoca;Municipality (city/town);0.435508938495918;3;3;2;2;3;1;3;4;3;3;3;3;3;4;4;3;3;3;2;3;3;4;4;4;4;4;4;4;3;4;1;2;1;1;4;1;1;3;4;3;3;4;1;1;3;3;3;4;3;2;3;4;3
Point (10.78508271591276824 52.41072960698843275);804557a9-8410-4256-9073-b84fac0b3034;1;3;2;2;4;1;1;1;1;2;2;2;2;3;2;1;2;1;1;1;3;2;4;4;3;3;1;4;1;1;1;100.000 - 250.000;3;> 50K;6;Wolfsburg;Municipality (city/town);0.316144329101591;3;3;3;3;3;3;1;1;3;3;2;3;1;2;1;1;2;2;2;1;2;3;2;2;2;2;3;2;1;3;3;3;2;2;3;2;4;1;2;3;1;2;2;2;3;1;1;2;2;3;1;2;1
Point (17.52338946553986077 59.12351476300865016);479d06eb-d57c-4404-b472-f0bd889bc3fc;3;3;3;4;1;3;4;1;2;4;4;2;3;4;3;3;3;3;3;3;3;3;2;4;2;2;3;1;3;1;0;50.000 - 100.000;2;> 50K;6;Sodertalje;Municipality (city/town);0.47140523040186;2;2;3;1;1;1;1;1;1;1;1;1;3;3;3;3;3;4;3;3;3;2;3;3;3;3;3;3;2;3;3;2;3;3;4;3;2;1;2;1;3;3;1;2;1;2;3;3;2;2;1;2;2
Point (-1.51983811874996388 52.41695461813783652);86896997-74a8-458a-abff-4fdaaa084296;3;3;2;4;3;3;4;2;2;4;4;3;3;4;4;3;2;1;3;4;4;4;4;3;4;3;4;3;3;4;1;250.000 - 500.000;4;30K-40K;4;Coventry;Municipality (city/town);0.505921636778255;2;4;2;3;3;4;1;1;3;4;3;3;4;4;4;1;1;3;2;2;1;1;3;1;1;1;3;1;2;1;2;3;2;2;4;4;4;3;2;3;2;1;3;2;4;3;1;1;3;3;2;1;2
Point (24.95056225979570996 60.31331274933808118);1d15416c-a530-4aa9-ae95-654886205796;3;3;3;4;2;2;2;2;3;2;3;3;1;3;2;2;4;3;1;1;3;3;1;4;3;3;3;2;1;1;0;100.000 - 250.000;3;> 50K;6;Vantaa;Municipality (city/town);0.397703763250638;3;3;2;1;1;1;1;1;1;1;1;1;4;3;3;3;3;4;3;4;4;2;3;3;3;1;3;3;2;3;4;1;1;1;1;1;1;4;4;1;3;2;3;4;1;2;2;2;2;2;3;4;2
Point (11.64914179843642827 44.8228726556333541);9d7979a3-5c92-4169-8a23-03924c6ed61e;1;2;3;2;2;1;1;1;1;1;1;2;1;3;1;1;1;2;2;2;1;1;1;2;1;3;1;1;1;1;1;100.000 - 250.000;3;20K-30K;3;Ferrara;Municipality (city/town);0.266729455440393;3;3;3;4;4;4;4;4;4;4;4;4;4;2;1;2;3;3;2;4;3;3;3;3;3;4;4;3;2;4;3;4;4;3;4;4;3;3;3;4;2;3;4;4;4;3;3;4;4;3;4;4;4
Point (33.62018592688257002 34.90138876113747557);7190f751-5775-4caf-8cdf-1336450676a4;1;1;1;1;1;1;1;1;1;1;1;1;1;1;1;1;1;1;2;1;1;1;1;3;1;1;1;1;1;1;0;50.000 - 100.000;2;20K-30K;3;Larnaka ;Municipality (city/town);0.0833431161816578;3;3;3;4;4;4;4;1;4;4;4;4;4;4;3;3;4;3;4;4;3;2;3;3;3;1;1;3;2;3;3;3;3;3;4;1;3;2;3;4;4;2;2;3;4;3;3;3;2;4;3;3;4
Point (12.28237577854501872 45.48431497399026568);7c9f51c4-c7cd-4082-b0d7-c4245ebd41b6;4;4;4;2;4;4;2;4;4;3;3;3;2;2;2;4;4;4;3;1;2;3;1;4;2;3;1;3;2;4;1;250.000 - 500.000;4;30K-40K;4;Venice;Municipality (city/town);0.460788131343738;4;3;2;2;1;1;1;1;1;1;1;1;4;3;3;3;3;4;3;3;3;2;3;3;3;3;3;3;2;3;1;2;2;1;4;3;3;2;4;1;3;3;1;1;1;2;2;3;3;2;1;3;2
Point (9.08868982769205402 39.22498333113160385);bfd45f6e-fcd2-4058-beaa-10bb1459516e;1;2;1;1;4;1;1;3;2;2;3;3;4;1;2;2;2;1;2;2;3;3;2;4;2;2;2;2;1;1;1;500.000 - 1.000.000;5;20K-30K;3;Cagliari metropolitan area;Metropolitan Area;0.348281940741039;3;3;3;1;1;1;1;1;3;1;1;1;1;1;1;2;2;2;1;2;1;1;1;1;1;1;1;1;1;1;4;2;2;2;3;1;2;1;2;1;1;1;1;2;1;1;1;2;1;1;1;1;1
Point (2.26471921909198937 48.82334005898803042);b2c828c9-eab1-4fcf-b9bd-d3326b636a21;3;4;4;4;3;3;3;2;2;3;3;2;4;2;3;3;4;4;2;3;2;1;4;4;3;4;3;3;2;1;1;50.000 - 100.000;2;> 50K;6;Issy-les-Moulineaux;Municipality (city/town);0.444017241405109;3;3;2;2;1;1;1;3;3;1;2;3;4;4;3;4;1;3;2;4;3;1;1;1;1;1;1;1;1;1;4;1;4;1;1;1;1;1;1;2;3;1;1;4;1;4;2;1;2;1;1;1;1
Point (-6.30642592359223642 52.74180994399639388);090ef376-3458-4f09-87f5-88b032f34f74;1;1;1;2;2;2;2;3;2;3;3;3;3;3;3;1;1;2;2;3;3;2;3;4;3;2;4;3;1;1;0;50.000 - 100.000;2;40K-50K;5;Limerick;Municipality (city/town);0.384884349157787;3;3;3;1;1;1;1;1;1;1;1;1;1;2;2;2;3;3;2;2;2;1;3;3;3;3;3;2;3;3;1;4;4;1;1;1;1;4;1;1;2;2;3;1;3;4;1;2;2;1;2;1;2
Point (11.24476204056909978 43.77986446676410281);d5cb6343-0240-40bd-9938-60226012ec5e;4;4;4;3;3;4;4;3;4;4;4;4;4;4;4;4;4;4;4;4;4;4;4;4;4;4;3;2;4;4;1;250.000 - 500.000;4;30K-40K;4;Florence;Municipality (city/town);0.606825562118301;1;1;1;2;1;1;1;1;4;1;3;1;1;1;4;1;1;3;1;1;1;1;2;2;2;2;2;1;1;2;3;1;1;1;1;4;2;3;2;2;1;1;1;2;1;2;1;1;4;1;1;1;1
Point (23.63607626139124207 46.06199481645769112);3a944472-1952-43c3-8f23-11afd5b49c40;3;2;2;4;1;4;2;4;4;1;1;2;1;1;2;3;4;4;4;3;2;2;4;2;1;1;3;1;3;1;0; < 50.000;1;10K-20K;2;Ciugud;Municipality (city/town);0.35502342372134;3;3;4;1;1;1;1;1;1;1;3;1;1;2;1;2;3;3;1;1;1;2;3;3;3;1;1;3;2;3;1;2;3;3;1;1;3;1;4;1;1;2;1;1;1;1;2;2;1;2;1;2;1
Point (18.05278775860276852 53.13112909607492895);e0db3b18-0c1c-4e63-8448-6ec552af3eb7;2;2;2;3;2;2;2;3;2;2;2;2;2;3;1;2;2;3;3;1;1;1;1;4;1;1;2;2;2;1;1;250.000 - 500.000;4;10K-20K;2;Bydgoszcz;Municipality (city/town);0.353830129310369;3;3;3;1;1;1;1;1;1;1;1;1;1;1;1;1;2;1;1;1;1;2;2;3;4;4;4;4;3;3;1;2;3;3;3;3;3;2;2;1;1;3;1;1;1;1;3;2;1;2;1;1;1
Point (-9.70475413738653536 52.26752451550925826);f6fc5775-6d6d-4df2-a58c-1370f177c468;1;1;1;1;1;2;2;1;2;2;2;3;2;1;3;1;1;1;2;4;3;3;3;3;2;2;3;1;2;1;0;100.000 - 250.000;3;> 50K;6;Kerry County;County/Province;0.308496899801587;3;3;3;1;1;3;1;1;4;1;3;3;4;3;2;1;1;1;1;3;3;2;2;2;2;2;2;2;3;3;3;2;3;3;1;1;2;2;4;2;1;2;1;2;1;1;1;1;2;1;2;3;1
Point (14.03898024832280633 50.65856171149727771);b1c75c81-1e47-44f8-bec3-b828e37321ee;2;1;2;3;1;3;3;3;2;1;1;1;1;1;1;1;1;2;2;3;2;1;4;2;1;1;3;1;1;1;0;50.000 - 100.000;2;10K-20K;2;Usti nad Labem;Municipality (city/town);0.29467514690171;3;3;3;1;1;1;1;1;4;1;3;1;4;4;3;4;4;2;2;3;4;4;4;4;3;2;4;3;3;3;1;2;2;2;1;4;4;3;1;2;4;3;2;3;3;2;3;3;4;3;3;3;3
Point (-8.46957810481857898 51.89800425471536727);5aa652e5-c283-416b-91fb-4f8229cf238f;3;3;3;3;2;4;3;4;2;4;4;4;4;4;3;2;1;3;1;4;3;4;2;2;2;3;3;1;2;4;1;100.000 - 250.000;3;> 50K;6;Cork;Municipality (city/town);0.538826078146391;2;2;4;3;4;4;4;4;3;3;4;4;4;3;4;3;3;4;4;4;3;4;4;4;4;4;4;4;4;4;4;3;3;3;4;4;4;4;4;4;4;4;4;4;4;4;4;4;4;4;4;4;4
Point (11.3337246477417235 44.49786300127177441);f50ba5de-64d2-4c77-9abe-d7ac1b24d4c6;4;4;4;2;4;4;3;4;4;2;2;2;3;2;3;4;4;4;4;2;3;2;3;4;3;4;2;3;3;1;1;250.000 - 500.000;4;40K-50K;5;Bologna;Municipality (city/town);0.441975304651775;4;3;2;1;1;1;1;1;1;1;3;1;3;1;1;1;2;2;1;1;1;3;2;2;2;2;2;2;1;2;4;1;1;1;1;1;1;1;1;2;1;1;1;3;1;1;1;1;1;1;1;1;1
Point (26.6771021809762594 47.7440542856585779);6c707420-eb86-4395-965d-112884fb58f4;1;1;2;1;1;2;2;1;4;1;1;2;1;2;2;2;2;3;1;3;1;3;2;1;1;1;1;1;2;1;1;100.000 - 250.000;3;< 10K;1;Botosani;Municipality (city/town);0.279177703509046;3;3;3;4;4;4;4;1;3;1;1;1;1;1;2;1;1;1;1;1;1;4;4;4;4;4;2;4;4;4;3;3;3;4;1;2;2;4;4;3;1;4;4;3;3;3;4;2;1;1;3;3;3
Point (14.43018372495964385 45.34452396560099885);04aedc7e-7f28-4129-bb0e-5671b84e7e8f;3;2;2;2;2;3;2;4;4;2;2;3;2;2;1;3;4;3;2;1;3;3;3;3;2;3;3;1;2;1;1;100.000 - 250.000;3;10K-20K;2;Rijeka;Municipality (city/town);0.377117632469654;3;3;3;1;4;3;4;1;4;1;4;3;4;3;4;3;1;4;2;4;3;3;4;4;3;3;4;2;4;4;1;4;1;1;1;1;2;3;4;4;3;4;2;2;4;3;3;1;4;2;4;4;4
Point (16.00004430105417796 45.80998213450245515);f3e0eb0b-4a26-4fbd-af5d-d18448e3769b;2;2;2;3;1;3;2;3;3;3;3;4;3;3;2;2;2;1;3;1;2;1;3;4;2;4;2;1;2;1;1;500.000 - 1.000.000;5;20K-30K;3;Zagreb;Municipality (city/town);0.395477818596844;3;3;3;2;3;4;1;1;3;3;2;3;3;3;1;4;1;1;2;1;1;2;1;3;1;1;1;1;1;3;3;2;4;2;3;3;2;1;2;2;1;1;1;2;1;3;2;1;1;1;1;1;1
Point (17.36443280565197256 48.67790313981247863);986af195-2a11-41f0-8e0d-7622324422ae;1;1;1;1;1;1;1;1;2;1;1;1;1;2;1;1;2;1;2;1;2;2;2;2;1;1;1;1;2;1;0; < 50.000;1;10K-20K;2;Senica;Municipality (city/town);0.198646769783412;3;3;3;3;3;1;1;3;3;3;3;1;3;3;4;1;3;3;4;3;1;4;2;2;2;2;2;3;3;2;4;4;1;1;1;3;4;1;1;2;2;2;2;4;3;2;1;2;2;4;2;1;2
Point (27.58981858999076664 47.15726280947223614);92368062-582b-443b-9358-f664c113f8a0;3;3;3;4;2;3;2;4;3;4;4;4;3;4;3;3;2;3;4;2;3;4;2;2;3;4;4;1;2;1;1;250.000 - 500.000;4;< 10K;1;Iasi;Municipality (city/town);0.499933809070604;2;2;2;3;1;1;4;4;4;3;2;3;3;2;2;2;3;4;2;4;1;1;1;1;1;1;1;1;1;1;2;2;4;3;3;3;2;3;4;3;2;1;4;1;1;2;2;3;3;2;2;2;2
Point (2.92521146662940756 51.20969399754846307);05977b9b-7362-4c1d-8c73-0a1b806770d7;2;1;2;1;1;2;2;3;2;2;2;3;2;2;1;2;3;2;2;1;2;1;2;4;1;1;2;1;3;1;1;50.000 - 100.000;2;30K-40K;4;Oostende;Municipality (city/town);0.323208343552554;3;3;3;3;4;3;4;3;4;3;4;4;3;3;2;3;3;4;3;3;3;1;2;2;2;3;2;2;2;2;4;1;4;3;1;1;3;4;4;4;3;1;4;3;1;3;3;2;3;2;4;4;3
Point (14.48014331197661342 48.98051506831918545);fe7d07aa-bbd4-42a8-bcb9-e5f89dfe564c;1;1;1;2;1;1;2;1;1;1;1;1;1;1;1;3;3;3;3;1;1;1;1;3;1;1;1;3;3;1;0;50.000 - 100.000;2;10K-20K;2;Ceske Budejovice;Municipality (city/town);0.188678695436508;3;3;3;4;4;4;4;4;4;4;4;1;4;4;4;4;4;4;4;4;4;4;4;4;4;4;4;4;4;3;3;4;4;4;4;4;4;2;1;4;4;4;4;4;4;4;4;4;4;4;4;3;4
Point (13.33050231243954542 38.13067025578796176);33a38f46-129c-49be-a964-febeeb40cde2;3;4;4;3;4;2;3;2;3;2;2;2;2;3;3;3;2;3;4;3;1;2;2;1;4;4;2;4;4;1;1;500.000 - 1.000.000;5;10K-20K;2;Palermo;Municipality (city/town);0.420586695694691;3;3;2;3;3;3;1;1;4;3;3;1;4;2;2;1;3;1;2;4;2;4;4;3;4;4;4;4;4;4;4;2;3;3;4;3;3;3;1;3;2;4;3;4;2;3;1;4;3;3;4;2;3
Point (2.15109082027927112 41.40107731450914486);bd175094-b53f-4067-9eab-465ea06a948c;4;4;2;4;4;4;4;4;4;4;4;4;3;4;4;4;3;4;4;3;4;4;4;4;4;4;4;4;4;4;1; > 1.000.000;6;30K-40K;4;Barcelona;Municipality (city/town);0.624190330400808;1;1;1;2;4;4;1;3;3;4;4;1;4;4;4;4;4;4;4;4;4;1;2;2;2;2;2;2;2;2;3;2;3;2;3;3;3;3;2;3;4;2;1;3;3;3;2;3;3;3;3;2;3
Point (16.56699403717444241 59.62823516030434234);1a1892d9-3e79-4db8-968b-270ca8438da1;2;2;2;2;2;2;4;1;2;3;4;3;3;4;3;1;1;1;1;4;2;3;2;3;3;3;3;3;2;1;0;100.000 - 250.000;3;30K-40K;4;Vasteras;Municipality (city/town);0.42127710946461;3;2;3;4;3;1;4;1;4;4;3;1;4;4;4;3;1;2;1;2;1;4;2;2;4;2;4;2;1;2;3;1;1;2;3;1;2;1;1;3;2;2;1;4;2;2;3;1;2;1;1;1;1
Point (12.23514889832542352 44.13042779888753131);a5c287c5-0ac6-4a47-82ab-9c8f16943e9f;2;2;3;1;2;2;2;2;3;3;3;3;4;2;2;3;4;1;3;3;2;2;2;3;1;2;2;1;3;1;1;50.000 - 100.000;2;30K-40K;4;Cesena;Municipality (city/town);0.374757541240078;3;3;3;4;4;3;3;3;4;4;4;4;4;4;4;4;4;4;4;4;4;4;4;4;4;4;4;4;4;4;2;3;3;3;3;4;2;4;2;4;4;4;2;4;4;4;4;4;4;4;4;4;4
Point (18.43887496831930406 49.78569139906324637);1e68a27a-85e7-4222-80a4-991d3c22fe89;1;1;2;1;1;1;1;3;1;1;1;2;1;2;1;1;1;1;1;1;2;2;2;3;1;1;3;1;1;1;0;50.000 - 100.000;2;10K-20K;2;Havirov;Municipality (city/town);0.246858461272524;3;3;3;1;3;1;1;1;1;1;2;3;3;4;1;3;3;3;3;4;3;2;1;2;3;3;3;3;3;3;2;3;3;3;3;3;2;3;2;1;3;2;1;1;3;1;2;3;2;2;2;2;2
Point (-7.25956511331126908 52.65065908410193174);8d7970b9-0192-443f-ac57-6fa59a370aaf;1;1;1;1;2;1;2;1;2;1;1;1;2;1;1;1;1;3;1;2;1;1;2;4;2;2;1;2;2;1;0; < 50.000;1;40K-50K;5;Kilkenny;Municipality (city/town);0.238314398275336;3;3;3;4;3;1;1;1;1;1;1;1;3;3;4;3;3;4;3;3;3;4;2;3;3;4;3;4;3;3;3;4;2;2;3;3;2;1;2;2;3;3;1;4;3;3;2;3;3;2;1;2;3
Point (-0.34971557671166331 43.32007262665704417);bcb3f1ab-d2ba-467b-8b3e-59d7a6b838a4;1;1;1;1;1;1;1;2;1;1;1;2;2;2;1;1;1;1;3;1;1;1;1;3;1;2;2;1;2;1;1;50.000 - 100.000;2;30K-40K;4;Pau;Municipality (city/town);0.216544955334018;3;3;3;1;1;1;1;1;1;1;1;1;3;1;3;3;3;1;3;3;3;1;3;2;2;2;2;2;3;2;3;1;4;3;3;1;1;1;1;1;2;2;1;2;1;3;3;2;1;1;1;1;1
Point (-7.35978805226731847 54.8202557146690026);2226891c-2b8e-41f7-a89a-d4959c449b60;4;2;3;2;2;4;4;4;3;4;4;4;4;4;4;4;3;4;3;3;4;4;3;3;3;4;4;2;3;4;1;100.000 - 250.000;3;20K-30K;3;Derry;Municipality (city/town);0.549090126609275;1;1;4;1;1;1;1;4;1;4;4;1;1;1;1;1;1;1;1;4;4;2;2;2;2;4;2;2;3;2;1;4;4;1;1;1;2;3;1;4;1;2;3;1;2;3;1;4;1;1;4;3;2
Point (-21.7190574022530356 64.16871533162905905);37199a73-7e3b-4a00-b211-4428805cfb26;4;4;3;3;4;3;3;4;3;4;4;4;4;3;3;2;2;3;3;2;4;4;4;4;3;3;2;4;2;1;1;100.000 - 250.000;3;> 50K;6;Reykjavik;Municipality (city/town);0.510929201466426;1;2;2;1;1;1;1;1;1;1;1;1;1;1;1;1;1;1;1;1;1;1;1;1;1;1;1;1;1;1;4;1;1;1;1;1;1;4;4;1;1;1;3;1;1;1;1;1;1;1;1;2;1
Point (13.37269614032537035 49.74023903710551764);772158b5-eabc-448f-b4b1-895674779333;4;4;4;4;4;4;4;4;3;4;4;3;4;3;4;4;2;4;3;4;2;2;2;3;3;4;3;2;3;4;1;100.000 - 250.000;3;10K-20K;2;Pilsen;Municipality (city/town);0.590687308827474;1;1;1;1;1;1;1;1;1;1;1;1;3;2;3;3;3;1;1;3;2;4;4;4;3;2;2;2;3;4;1;1;4;1;1;1;1;3;4;1;2;3;3;1;1;4;2;2;1;1;2;4;2
Point (18.73507889806903748 48.70159466569841555);b1fd8b06-fa1d-4418-a7d1-3e113d4194cb;1;1;1;1;1;1;1;3;1;1;1;2;1;2;1;3;3;1;3;1;2;3;2;2;1;1;1;1;4;1;0; < 50.000;1;10K-20K;2;Handlova;Municipality (city/town);0.217187061304708;3;3;3;4;4;4;4;1;4;4;3;4;1;2;3;2;3;3;3;3;3;1;3;3;3;3;2;2;1;2;1;4;1;4;1;1;4;1;1;4;2;2;3;1;4;3;4;2;2;4;1;2;3
Point (21.59947612697592234 57.40533421696489569);ee0f550f-05ad-4067-b109-61e5e5c41e02;3;4;4;3;4;3;2;2;4;4;4;4;4;4;4;3;4;3;4;3;4;4;1;4;4;3;3;4;3;1;0; < 50.000;1;10K-20K;2;Ventspils;Municipality (city/town);0.511475076422534;2;1;2;1;3;1;1;1;1;1;2;3;1;2;1;1;3;2;1;2;2;1;2;2;2;2;2;2;2;3;1;4;1;4;1;1;1;1;4;1;1;1;3;1;3;1;3;2;1;1;1;4;1
Point (26.61914003981052446 58.38778877673095025);40653997-270d-47ab-a4ef-3e3e6757b17c;4;2;4;4;1;4;4;4;4;3;3;3;2;2;4;4;4;3;4;3;4;4;4;4;2;2;3;2;3;4;0;50.000 - 100.000;2;10K-20K;2;Tartu;Municipality (city/town);0.512775737045498;4;4;4;2;1;1;1;4;3;3;3;1;3;3;4;3;3;4;3;3;3;4;4;4;4;4;4;4;4;4;3;2;3;4;4;3;2;1;3;3;3;4;3;3;3;3;4;4;4;3;2;3;4
Point (13.83829450866680943 45.50971959958994972);dbf50ed1-878f-40bb-872f-32415e4b628d;3;3;3;3;3;2;3;2;2;3;2;2;3;3;3;1;1;2;3;4;2;2;3;4;3;4;3;3;2;1;0;50.000 - 100.000;2;20K-30K;3;Koper;Municipality (city/town);0.41454543883971;3;3;2;4;4;4;4;4;4;4;4;4;3;3;4;4;3;4;3;4;3;2;3;3;3;3;3;3;2;3;2;1;4;4;3;1;1;2;4;4;3;3;2;3;2;4;4;3;4;3;3;4;4
Point (0.13294078308871252 52.19935762699313386);84a959d6-2756-433a-a1e7-22d5fc2043fa;4;3;3;4;2;4;4;3;4;3;3;3;3;3;3;3;4;4;1;4;3;4;3;2;2;1;3;2;3;4;1;500.000 - 1.000.000;5;30K-40K;4;Cambridge metropolitan area;Metropolitan Area;0.522267004169578;4;3;1;1;1;1;1;1;1;1;1;1;1;1;1;1;1;1;1;1;1;1;1;1;1;1;1;1;1;1;4;2;2;2;3;3;4;3;2;1;1;1;2;1;1;1;1;1;1;2;1;1;1
Point (15.84357861018852276 50.207994590482663);9bc3b0ef-77da-4ad5-82ea-839fe4792000;1;1;1;2;1;1;1;1;1;1;1;1;1;2;1;2;2;1;2;2;1;1;1;2;1;2;1;1;1;1;0;50.000 - 100.000;2;10K-20K;2;Hradec Kralove;Municipality (city/town);0.195009540007243;3;3;3;4;3;3;4;1;4;3;4;1;4;2;4;4;3;3;4;3;2;2;3;3;3;1;3;3;2;1;2;3;1;1;1;1;4;2;1;4;3;2;2;3;3;2;4;2;2;4;3;1;3
Point (22.49293818569158532 58.37762377187802798);ea25509f-7b86-4d22-85e0-c95fbb3e17f3;2;3;4;1;3;2;4;1;2;2;2;2;4;2;2;1;1;1;2;4;2;2;3;2;2;1;1;4;1;1;0; < 50.000;1;10K-20K;2;Saaremaa;Municipality (city/town);0.367857807219786;3;3;3;1;1;1;1;1;1;1;1;1;1;1;1;1;1;1;1;1;1;2;2;2;3;2;3;3;3;3;3;4;1;3;1;2;2;1;4;1;1;2;2;1;2;1;1;1;1;1;1;2;1
Point (19.9849858397655531 50.05317644729488791);b242055f-790e-41bf-a3ae-bed1c196244f;3;2;2;1;3;4;2;4;4;3;3;2;3;3;3;3;3;3;3;3;3;2;3;4;4;4;2;4;3;1;1;500.000 - 1.000.000;5;20K-30K;3;Krakow;Municipality (city/town);0.43659757410799;3;3;4;4;1;1;1;1;1;1;1;1;4;4;4;4;4;4;4;4;4;3;1;1;1;2;2;2;1;2;3;1;1;4;1;1;1;1;1;2;4;1;1;4;1;2;3;3;2;2;1;2;2
Point (26.61914003981052446 58.38778877673095025);073bc5a7-536c-487d-95b1-6b8b10db8598;4;3;4;4;2;4;4;3;4;4;4;4;4;3;4;4;4;4;3;3;4;3;4;4;2;3;3;1;4;4;0;50.000 - 100.000;2;10K-20K;2;Tartu;Municipality (city/town);0.5705202848792;1;1;1;2;3;1;1;1;3;3;2;3;3;2;3;2;3;3;4;3;3;3;3;3;3;4;4;3;3;4;3;2;3;3;3;3;3;2;3;2;3;3;2;2;2;2;2;3;3;3;2;3;2
Point (22.49293818569158532 58.37762377187802798);e327b54f-b9bf-4eb3-869e-51725de5a626;2;2;3;2;2;3;3;2;3;2;1;1;4;1;3;4;3;3;3;3;3;3;3;3;2;2;2;3;3;4;0; < 50.000;1;10K-20K;2;Saaremaa;Municipality (city/town);0.36671568727206;3;3;3;4;4;4;4;4;4;4;4;4;4;4;4;4;3;4;3;4;4;3;4;4;2;4;2;4;4;2;4;2;4;2;4;4;3;4;4;4;4;3;4;4;3;4;3;4;4;4;4;4;4
Point (15.62765329162769312 46.56318254678024715);979b772a-3855-4bf8-9db6-59dc02548aba;1;1;1;1;1;1;1;1;1;1;1;2;1;2;1;2;3;1;1;1;1;1;2;2;1;1;1;2;2;1;0;100.000 - 250.000;3;10K-20K;2;Maribor;Municipality (city/town);0.163503784563067;3;3;3;3;4;4;4;4;4;4;3;3;4;3;3;4;2;1;1;4;4;3;3;3;3;4;2;3;4;4;3;1;4;2;3;1;2;2;2;4;3;3;1;4;2;4;3;3;1;2;3;3;3
Point (9.172879515579762 45.46849377011358229);5a885880-7909-4913-811e-8264deba3673;4;3;3;3;3;4;4;4;4;4;4;4;4;4;4;4;4;3;4;4;4;4;4;4;3;4;3;3;4;1;1; > 1.000.000;6;> 50K;6;Milano;Municipality (city/town);0.607444047425206;1;1;1;1;3;4;1;1;4;4;3;1;4;3;4;4;4;4;4;4;4;4;4;4;4;4;4;4;4;2;4;2;4;1;1;4;3;4;1;3;4;4;4;4;3;4;3;3;4;4;4;3;4
Point (-9.13534469054989451 38.71205323597419579);5b5dc9a6-4c01-44e3-bb2f-f377daa6beec;4;4;4;4;4;4;4;4;2;4;3;4;3;3;4;4;4;4;4;4;3;2;3;3;4;2;4;3;4;4;1;500.000 - 1.000.000;5;20K-30K;3;Lisbon;Municipality (city/town);0.558167755923271;1;4;1;4;3;3;4;4;1;4;2;1;3;3;4;4;3;1;3;4;1;1;3;3;3;3;1;3;2;1;3;2;1;4;4;1;4;1;1;3;2;2;2;2;2;2;4;3;1;4;1;1;2
Point (15.19395148298805154 45.78093983933192845);8d7f65fb-c7cf-4245-aa5c-c0ea4f21b3d4;4;3;3;3;4;4;3;4;4;3;3;3;2;3;3;4;2;4;3;3;2;3;2;2;3;3;3;3;4;4;0; < 50.000;1;20K-30K;3;Novo mesto;Municipality (city/town);0.505875671220799;4;3;1;2;3;3;3;4;4;3;3;3;4;4;4;4;4;4;4;4;4;1;1;1;1;1;1;1;1;1;1;4;1;1;4;1;1;1;4;3;4;1;3;1;4;2;2;4;3;2;1;4;3
Point (14.56293656149277638 46.05424771335781031);dc770a9a-2acd-4a0a-a9c8-5b609421bd81;3;3;4;3;2;3;3;3;4;3;3;4;3;2;4;4;3;3;4;4;3;4;3;3;3;2;4;3;4;4;1;250.000 - 500.000;4;30K-40K;4;Ljubljana;Municipality (city/town);0.484535395081045;3;4;2;1;1;1;1;1;1;1;2;1;3;3;2;3;2;2;2;2;1;1;1;1;1;1;1;1;1;1;4;1;4;1;1;1;1;4;1;1;2;1;3;3;1;3;1;1;1;1;2;1;1
Point (17.81234927420342729 48.59293425183291504);c3f09178-f321-44c0-9e42-fc3609ca3453;2;2;4;2;1;1;3;1;1;1;1;2;2;2;1;1;1;3;2;2;1;1;1;2;1;2;1;1;1;1;0; < 50.000;1;10K-20K;2;Piestany;Municipality (city/town);0.286188516344766;3;3;3;1;3;1;1;1;1;1;1;1;1;1;1;1;1;1;1;2;1;1;1;1;1;1;1;1;1;1;1;4;1;1;1;1;2;2;4;1;1;1;2;1;2;1;1;1;1;1;1;3;1
Point (20.29497104806509 49.06320855542237069);ab5c313e-0db0-414c-8b74-9c6591ff4990;2;3;2;4;4;1;1;2;2;1;1;1;1;1;2;3;2;3;3;2;2;1;3;3;3;2;3;3;3;1;1;50.000 - 100.000;2;10K-20K;2;Poprad;Municipality (city/town);0.308038292640774;3;3;2;4;1;1;1;4;4;4;4;1;3;2;2;2;3;3;4;2;1;4;4;4;4;4;4;4;4;4;3;1;1;4;4;1;4;1;1;4;2;4;3;4;2;2;4;4;4;4;3;1;4
Point (-0.22058848909593498 52.37373868248320008);4a71664e-85be-4631-9c6f-c3c907a6daca;1;1;1;1;2;1;1;3;2;2;3;2;4;2;2;1;1;1;2;3;2;2;1;4;2;1;1;3;1;1;1;100.000 - 250.000;3;30K-40K;4;Huntingdonshire;District/Parish/Ward;0.309236520713083;3;3;3;1;1;1;1;1;1;1;1;1;2;2;1;1;2;3;1;2;2;2;2;2;3;3;3;2;2;3;4;1;1;1;1;1;4;4;1;1;2;2;3;3;1;1;1;2;2;3;3;1;2
Point (20.53024258399072721 49.27843344179746765);ce9d617a-1a91-43ac-b62d-4f7552637f92;1;1;2;1;1;1;1;1;2;1;1;2;1;2;1;2;3;1;1;1;1;2;1;2;1;1;1;1;2;1;0; < 50.000;1;10K-20K;2;Podolinec;Municipality (city/town);0.210096852187845;3;3;3;3;3;1;4;4;4;1;4;1;4;3;4;2;3;2;2;4;4;4;4;4;4;4;4;3;4;3;2;1;2;4;4;1;3;3;2;4;3;4;4;3;2;3;4;4;3;2;4;2;4
Point (18.57864329895451405 48.79335103235959537);de2aa451-cf32-4cf8-8c9b-f189328c11ee;1;1;1;1;1;1;1;1;3;1;1;1;1;1;1;3;2;1;4;1;1;1;2;3;1;1;1;1;4;1;0; < 50.000;1;10K-20K;2;Bojnice;Municipality (city/town);0.172773810646054;3;3;3;3;3;1;4;1;3;1;1;4;3;1;1;1;1;1;1;1;1;3;3;3;3;3;4;2;2;3;4;1;1;1;1;1;1;1;4;3;1;3;1;4;1;1;1;1;2;1;1;4;1
Point (18.24149387051960503 46.08736104717521442);f6349c53-a470-47dd-9aa1-e96599346498;1;1;1;1;1;1;1;1;1;1;2;2;2;1;1;1;1;1;1;2;1;3;1;1;1;1;2;1;2;1;1;100.000 - 250.000;3;< 10K;1;Pecs;Municipality (city/town);0.211564503205128;3;3;3;1;1;1;1;1;1;1;1;1;1;1;2;1;1;1;1;2;1;1;1;1;1;1;1;1;1;1;1;4;3;3;1;2;3;2;1;1;1;1;2;1;2;1;1;1;1;2;1;1;1
Point (7.67801487805906202 45.07185143882050227);7529f572-554f-4a90-80aa-8c3b1712b267;3;4;3;2;4;3;3;4;2;3;2;2;3;1;3;4;4;3;4;3;3;2;3;4;3;2;2;4;4;1;1; > 1.000.000;6;30K-40K;4;Turin metropolitan area;Metropolitan Area;0.423460872222821;3;3;2;1;1;1;1;1;1;1;1;1;4;4;4;3;4;4;2;4;4;3;3;3;3;2;2;3;3;3;4;4;4;3;1;4;3;3;3;1;4;3;4;3;3;3;3;3;3;3;3;3;3
Point (20.60931829851188013 50.86114936149245835);3f9acd9a-4e5c-40b4-928e-d79d52c206e3;3;3;1;3;3;4;4;4;2;2;2;2;3;3;3;3;4;4;3;2;4;2;4;4;1;1;2;2;4;1;1;100.000 - 250.000;3;10K-20K;2;Kielce;Municipality (city/town);0.425554630809686;3;3;3;1;1;1;1;1;1;1;4;4;3;2;2;2;3;3;2;2;2;2;2;2;2;3;2;2;2;3;2;2;2;2;3;3;4;3;4;3;2;1;3;1;1;1;1;2;2;3;4;4;2
Point (4.70591897515723989 50.88172859061824482);664e4f1a-963d-4630-acca-ff880fbc4952;3;2;2;1;2;4;4;4;4;3;2;3;3;1;3;2;1;2;1;3;4;3;4;4;2;1;3;3;3;4;1;100.000 - 250.000;3;30K-40K;4;Leuven;Municipality (city/town);0.455847034620472;3;3;4;1;1;1;1;1;1;4;2;3;2;2;4;2;1;3;2;2;2;2;1;1;3;1;1;3;2;1;3;2;4;2;1;3;4;4;2;2;2;1;4;2;1;4;2;1;2;4;2;1;2
Point (22.94959571508119467 40.62392621076021726);d5bcfd34-c6ef-48cd-bcd1-86756a09b40d;2;1;1;1;3;3;2;3;3;2;2;4;1;2;2;3;2;3;3;1;2;2;1;3;2;2;2;2;4;1;1;250.000 - 500.000;4;10K-20K;2;Thessaloniki;Municipality (city/town);0.34836674936583;3;3;3;1;1;1;1;1;4;3;2;3;3;2;3;4;3;3;2;1;1;2;3;1;1;1;1;1;1;1;1;4;4;2;3;3;3;1;1;2;2;1;3;1;3;4;2;2;2;2;1;1;1
Point (23.73587469597305954 37.98892368367186378);524eb348-ffd9-408e-9d2c-a9429a98dce8;2;2;1;3;2;2;1;2;4;3;3;3;2;2;2;2;2;1;1;1;3;4;3;3;2;2;4;2;1;4;1;500.000 - 1.000.000;5;30K-40K;4;Athens;Municipality (city/town);0.359919745304397;3;3;3;1;3;1;1;1;1;1;2;1;3;3;4;4;4;4;3;3;4;3;3;4;4;4;4;4;3;4;3;2;2;4;4;3;2;1;4;1;4;4;2;3;2;3;4;4;3;3;1;3;3
Point (-5.68251423402766687 43.49998195193480655);0fbf7a5e-2b84-424f-b514-f38ec9af8a66;2;3;4;1;3;2;2;2;3;3;3;4;2;4;3;4;4;4;4;1;2;2;2;4;4;4;3;4;3;4;1;250.000 - 500.000;4;20K-30K;3;Gijon;Municipality (city/town);0.442336850751373;3;3;2;1;3;3;1;1;1;1;3;3;3;2;3;1;1;1;1;3;2;1;3;4;3;3;1;1;3;2;1;4;3;2;3;3;2;3;4;2;1;2;2;1;3;3;1;1;1;1;3;2;1
Point (4.37528723708164957 50.87304901779109656);a629629c-c832-4907-ae9f-816de93b0ac7;3;2;3;2;2;3;2;2;4;3;3;3;2;3;3;4;4;3;4;3;4;3;3;4;1;1;1;2;3;4;1; > 1.000.000;6;> 50K;6;Bruxelles;Municipality (city/town);0.440112673671191;3;3;3;3;4;4;4;4;3;3;4;4;4;3;4;3;3;4;4;4;3;4;4;4;4;4;4;4;4;4;4;4;3;3;4;4;4;4;4;4;4;4;4;4;4;4;4;4;4;4;4;4;4
Point (32.42835718949101675 34.77544475049819539);db9acbde-23e0-4dfc-927a-d2a31af0f685;1;1;2;2;1;1;1;1;1;2;3;4;1;4;1;1;1;2;1;1;1;2;1;3;1;2;1;1;1;1;0; < 50.000;1;20K-30K;3;Pafos;Municipality (city/town);0.291352485477485;3;3;3;4;3;4;4;1;4;4;3;1;3;1;2;1;3;4;3;4;1;4;2;2;4;3;2;4;3;2;4;1;1;1;1;4;1;2;4;3;2;3;4;4;1;2;2;2;4;3;3;3;3
Point (24.86003697190045258 44.85601374616293668);920c5a4f-3c5b-478f-afee-ab4737978e03;1;1;2;1;2;2;3;1;2;1;1;2;1;2;1;1;1;3;2;2;2;2;2;3;1;1;1;1;2;1;0;100.000 - 250.000;3;< 10K;1;Pitesti;Municipality (city/town);0.259164919282107;3;3;3;3;4;4;4;1;3;4;3;3;1;4;4;3;3;2;2;1;1;3;3;3;3;2;4;3;3;3;2;3;4;4;1;3;4;2;3;3;2;3;4;2;4;4;4;2;3;4;1;2;3
Point (19.852065883855321 39.63734667701362469);905ddde6-d353-4bd5-8747-1ff9ed025438;1;1;1;2;2;1;1;1;1;1;1;2;1;2;1;2;3;1;1;1;1;1;2;2;2;2;1;3;1;1;0; < 50.000;1;10K-20K;2;Central Corfu and Diapontia Islands;Municipality (city/town);0.229327388042921;3;3;3;1;1;4;1;1;4;1;3;4;3;4;4;3;3;4;3;4;4;2;2;3;2;2;2;2;2;3;3;1;3;2;3;1;4;1;4;3;4;2;1;2;1;3;2;2;3;3;2;4;2
Point (21.04792868796877059 52.22956082796060429);e601a94e-1d76-4a56-a5f3-5d435c340ee2;4;4;3;4;4;4;4;3;3;4;4;4;4;4;4;4;3;3;4;3;4;4;4;3;4;4;4;4;4;4;1; > 1.000.000;6;30K-40K;4;Warsaw;Municipality (city/town);0.610025040931291;1;1;1;2;1;1;3;3;3;3;2;3;3;1;3;2;2;2;3;1;2;3;3;2;4;3;3;2;3;3;1;1;4;4;4;3;3;3;3;2;1;3;4;1;1;4;3;2;2;2;2;2;2
Point (-3.69645817174815861 40.46528644024412813);a4db86cd-08f8-44ee-b8fd-6c85816d7572;4;4;4;4;4;4;4;4;4;4;4;4;2;4;4;4;4;4;4;3;4;4;3;4;4;4;4;4;3;4;1; > 1.000.000;6;30K-40K;4;Madrid;Municipality (city/town);0.652563431797868;1;1;1;4;3;3;4;1;4;3;2;1;3;3;3;3;1;4;3;3;1;2;3;3;3;1;3;3;2;1;2;2;3;4;1;3;4;2;1;3;2;2;1;2;2;2;4;1;3;3;2;1;2
Point (4.3080669722709013 51.92582673969685203);9b4a0154-5624-4c8a-a5ea-b58a599603e9;4;4;4;3;4;4;4;4;4;4;4;4;4;4;4;4;3;4;4;4;4;4;4;4;4;4;4;3;4;4;0; > 1.000.000;6;40K-50K;5;Rotterdam;Municipality (city/town);0.737085360921757;1;1;1;1;1;1;1;1;1;1;1;1;3;3;3;3;3;4;3;3;3;2;2;2;3;2;2;2;2;3;1;3;1;3;1;1;4;3;1;1;3;2;2;1;2;1;2;2;2;4;2;2;2
Point (23.39859743761799038 42.67824851204682801);2d1f2259-52b8-443d-a502-9297da020296;2;4;2;4;3;2;2;1;3;4;4;4;4;4;3;2;1;2;4;4;2;3;1;4;4;4;4;2;1;1;1; > 1.000.000;6;10K-20K;2;Sofia;Municipality (city/town);0.47446579067152;2;2;2;2;3;1;1;1;3;1;2;1;3;3;2;1;2;3;1;1;1;1;3;3;3;4;4;4;2;2;1;2;2;4;4;4;4;2;1;1;1;3;4;1;2;2;2;3;3;3;1;1;1
Point (4.3080669722709013 51.92582673969685203);c5939502-88b3-4d81-8549-cfc5dcf36570;4;4;4;3;4;4;4;4;4;4;4;4;4;3;4;4;3;4;4;4;4;4;4;4;4;4;4;3;4;4;1; > 1.000.000;6;40K-50K;5;Rotterdam;Municipality (city/town);0.734797329701435;1;1;1;2;3;3;1;1;1;1;3;4;3;3;3;2;3;3;2;4;4;1;3;1;2;2;2;2;3;3;2;2;4;3;1;3;2;2;4;2;3;2;1;1;2;3;1;2;2;1;3;4;2
Point (-7.49340601583033017 40.15394094730635999);c7e0e00b-dda1-4c98-81ba-bd7579e9f749;2;3;4;2;3;2;2;2;3;4;4;4;4;4;3;2;3;3;1;4;4;4;3;3;3;4;3;3;1;1;0; < 50.000;1;10K-20K;2;Fundao;Municipality (city/town);0.49341873359597;2;1;2;1;4;1;1;1;4;4;3;4;4;3;3;1;3;3;1;2;2;1;1;1;1;1;1;1;1;1;1;4;1;3;4;3;2;4;1;3;2;1;3;1;3;1;1;3;2;2;3;2;2
Point (26.08790095601538184 44.44108917284592053);f8ebf884-3556-477c-bbf2-f0ce295ec66f;1;1;1;1;2;1;1;1;1;1;1;1;1;1;1;1;1;1;2;2;1;1;2;1;2;2;1;3;2;1;1; > 1.000.000;6;20K-30K;3;Bucharest;District/Parish/Ward;0.133030753968253;3;3;3;3;4;1;4;4;1;1;3;4;4;4;4;4;4;3;4;3;4;4;4;4;4;4;4;3;4;4;2;3;1;4;4;1;3;2;3;3;4;4;3;3;4;3;4;4;2;4;3;4;4
Point (15.51045356081188409 38.19117162836335666);0e481775-780c-4e8b-8fa8-140a6fb9acff;3;4;4;3;3;2;3;3;2;3;3;2;3;2;3;3;4;1;3;3;1;1;1;2;4;4;3;4;3;4;1;100.000 - 250.000;3;10K-20K;2;Messina;Municipality (city/town);0.427919312169313;3;3;2;1;1;1;1;1;1;1;1;1;1;1;1;1;1;1;1;1;1;2;2;2;2;2;3;2;1;2;4;1;1;1;1;1;1;1;1;1;1;1;1;3;1;1;1;1;1;1;1;1;1
Point (18.63579225407554318 54.35922745772680287);41f4cc84-6e32-4732-a5ae-3ceb1361a839;2;2;4;3;1;2;1;2;4;2;3;4;2;2;2;2;2;3;2;2;3;1;3;4;1;1;3;1;2;4;1;250.000 - 500.000;4;10K-20K;2;Gdansk;Municipality (city/town);0.367568457005957;3;3;3;1;1;3;1;1;1;3;3;1;3;1;4;3;1;3;1;4;4;1;2;2;2;2;2;2;1;2;3;4;2;4;3;4;2;1;2;2;2;1;3;2;1;2;3;1;3;1;1;2;1
Point (19.03872784701267307 49.81296242216221515);919788b9-4f62-45a1-ab18-69ba180af75e;1;1;3;1;1;1;1;1;1;1;1;2;1;2;1;1;1;2;1;1;1;1;3;1;1;1;1;2;1;1;1;100.000 - 250.000;3;10K-20K;2;Bielsko-Biala;Municipality (city/town);0.233379196035446;3;3;3;1;3;1;1;1;1;1;2;1;1;1;1;1;3;2;1;1;1;3;2;2;2;2;2;3;1;2;1;3;1;4;3;3;1;4;1;1;1;1;3;1;1;1;3;2;1;1;2;1;1
Point (26.27227985636646679 58.24559461956321371);e9a03185-30f1-455e-8d60-1edf094812a6;3;2;3;1;2;3;4;3;2;1;1;1;1;1;1;2;2;2;2;1;2;1;4;2;1;1;1;1;3;1;0; < 50.000;1;10K-20K;2;Elva;Municipality (city/town);0.303453682755153;3;3;3;2;3;3;1;1;3;1;2;3;4;4;4;4;2;4;2;3;2;1;2;3;3;3;4;3;3;2;3;3;1;1;1;1;1;4;1;2;3;2;1;3;3;2;2;1;3;1;3;1;2
Point (3.04742043585872091 50.63174165360616286);e59056bc-4047-40e6-86f9-f1aeb5cf6c47;2;3;3;3;3;2;2;1;3;4;3;3;4;3;4;4;4;2;3;4;3;2;4;4;3;4;4;2;3;4;1; > 1.000.000;6;30K-40K;4;Lille metropolitan area;Metropolitan Area;0.458854604132025;2;4;2;4;3;4;4;4;1;4;4;4;1;2;2;4;4;4;2;4;4;2;3;3;3;3;1;1;2;3;3;3;3;3;1;1;2;2;3;4;3;2;1;3;2;2;4;4;3;2;4;4;3
Point (-1.19910471150108644 38.12321351929717395);01b81c6a-072a-4ced-8120-790393bd30fc;3;4;4;3;4;2;4;1;1;1;1;1;2;1;3;2;2;2;2;2;4;3;4;4;3;3;1;4;2;1;1;50.000 - 100.000;2;20K-30K;3;Molina de Segura;Municipality (city/town);0.35243006769125;3;3;2;2;1;1;1;1;3;1;2;3;3;2;1;2;1;2;3;1;1;4;4;1;1;2;4;1;2;3;1;4;1;1;1;1;4;3;1;1;1;2;2;1;4;1;1;1;2;4;2;1;1
Point (8.92992014698703329 45.45992453589981608);7d6fb74a-8ceb-44c7-b3ee-da7007fc2da7;2;2;4;1;2;2;3;1;4;2;2;2;1;3;2;2;3;2;2;1;1;1;1;4;2;3;1;3;2;1;0; > 1.000.000;6;> 50K;6;Milano metropolitan area;Metropolitan Area;0.353932020202701;3;3;3;1;3;4;1;1;4;1;4;4;4;4;4;4;4;4;4;4;4;4;4;4;4;3;4;4;4;3;2;3;4;3;1;4;3;4;1;3;4;4;3;3;4;4;4;3;4;3;4;3;4
Point (21.27729672847233999 46.17338127142244986);2b8bc007-4cd5-4ebf-aed3-28cf18485fda;1;2;3;2;3;1;1;2;1;1;2;2;1;3;1;1;1;2;2;1;1;1;2;1;2;3;1;2;1;1;1;100.000 - 250.000;3;10K-20K;2;Arad;Municipality (city/town);0.287221402247444;3;3;3;1;1;1;1;1;1;1;1;1;4;4;4;4;1;4;3;3;4;2;1;3;3;1;1;3;1;1;1;1;4;4;1;1;4;1;1;1;3;1;1;1;1;3;4;1;2;3;1;2;2
Point (17.10617673007502049 48.11597231166937405);17a782be-c6e4-4e47-a3d4-1c1616450268;2;2;1;4;3;2;3;1;4;4;3;3;2;4;4;3;3;2;4;4;4;4;4;4;4;3;4;4;4;1;1;250.000 - 500.000;4;30K-40K;4;Bratislava;Municipality (city/town);0.45553460265225;2;4;3;4;4;1;1;1;1;4;4;1;1;1;1;4;4;4;4;1;4;4;4;4;3;3;3;2;4;3;4;4;3;1;1;1;2;4;1;3;3;4;3;3;4;2;3;3;3;4;4;3;3
Point (-2.2321483899363348 53.45108330705638622);a78f9ac9-037b-472d-935c-d8833d8173a3;1;1;1;4;1;1;1;3;1;2;2;3;2;2;2;1;2;2;2;2;2;2;3;2;2;1;4;2;1;1;1; > 1.000.000;6;> 50K;6;Manchester metropolitan area;Metropolitan Area;0.283724208559686;3;3;3;4;1;4;4;4;1;4;3;3;4;3;4;4;4;2;4;4;4;3;3;2;3;2;2;2;1;2;2;3;4;4;4;1;4;2;3;4;4;2;4;3;2;4;4;4;1;4;2;3;4
Point (18.24639225678189547 49.8141202302696513);db2e1166-1ff4-4420-95a8-ae2fa54cb732;2;1;1;1;1;4;3;4;3;1;1;1;2;1;1;3;3;3;3;1;3;3;4;4;1;1;1;1;4;1;1;250.000 - 500.000;4;10K-20K;2;Ostrava;Municipality (city/town);0.300815614351154;3;3;4;1;4;1;1;1;1;1;1;1;3;2;1;2;3;2;3;1;3;2;2;2;3;3;3;2;2;3;1;3;4;3;4;3;2;1;3;3;2;2;2;1;4;2;2;3;1;2;1;2;2
Point (21.99237339993597118 50.02278576390343545);6e7300e7-b1df-4977-ac6a-2a4caba06a55;4;4;4;3;4;4;4;2;3;4;4;4;4;2;4;3;4;4;3;4;4;3;4;3;3;3;2;4;4;1;1;100.000 - 250.000;3;10K-20K;2;Rzeszow;Municipality (city/town);0.565952154599213;1;4;1;3;3;1;1;1;3;1;2;1;4;4;4;1;1;3;2;3;2;3;1;3;1;2;1;3;3;2;3;2;3;3;1;4;2;3;1;2;2;2;1;3;2;3;1;1;2;2;2;1;2
Point (15.00581521774553018 44.21320160641649721);aa852461-ba31-48df-a4dd-f0ef7a6bc6f1;1;1;2;1;1;2;3;1;2;1;2;4;1;2;1;2;2;2;1;2;1;2;1;1;1;1;1;1;2;1;0;50.000 - 100.000;2;10K-20K;2;Zadar;Municipality (city/town);0.278784179770393;3;3;3;1;1;1;1;1;1;1;3;1;3;4;4;4;4;4;4;4;2;4;4;4;4;4;4;4;4;4;2;3;3;1;1;4;1;3;3;1;4;4;2;3;4;4;4;4;4;4;4;3;4
Point (3.27795234681146042 49.84709796157353878);bed56153-e6a1-4cf5-8a97-f0b9c5ab159f;3;3;1;4;3;2;2;4;2;2;1;1;1;3;2;3;2;4;3;2;1;1;1;2;3;4;3;4;1;1;1;50.000 - 100.000;2;20K-30K;3;Saint-Quentin;Municipality (city/town);0.371875502017046;3;3;2;2;3;3;3;3;3;3;4;4;4;3;3;4;4;4;4;3;3;4;3;4;4;4;4;4;4;4;3;3;3;3;4;3;3;3;3;3;3;4;3;4;3;3;4;4;3;4;4;3;4
Point (14.31648559107025775 48.28449013715426474);893045de-562c-4d07-9077-63ae24cf152d;4;4;4;4;4;4;4;4;4;4;4;4;4;4;4;3;3;3;4;4;4;4;3;4;4;3;4;4;4;1;1;100.000 - 250.000;3;> 50K;6;Linz;Municipality (city/town);0.638744543344728;1;1;1;3;1;1;1;4;3;1;4;1;1;4;1;3;3;4;4;4;1;4;4;3;4;4;3;4;4;3;2;1;1;4;1;1;4;3;1;3;3;4;2;2;2;1;4;4;3;4;4;1;3
Point (6.11820220286603522 52.5184846938746972);59cdda77-cb9d-4d82-9278-41b29a3a519d;3;3;3;4;1;2;4;1;2;4;4;4;3;4;3;3;4;4;3;3;3;3;4;1;3;3;4;2;3;1;1;100.000 - 250.000;3;40K-50K;5;Zwolle;Municipality (city/town);0.487698906791737;2;2;2;1;1;1;1;1;1;1;2;1;3;1;1;1;3;2;1;4;1;1;3;2;3;3;2;2;4;2;1;1;1;4;4;1;1;4;1;1;2;2;1;1;1;1;2;4;1;1;4;1;1
Point (4.98456490271003183 51.16615388740603265);2de51aa7-bddf-4f99-bcd9-d5583d390452;2;2;3;1;3;2;2;3;2;3;2;2;3;3;3;1;1;1;3;4;3;3;3;2;3;1;3;3;3;1;0; < 50.000;1;40K-50K;5;Geel;Municipality (city/town);0.39374905476468;3;3;3;2;3;1;1;1;1;1;2;3;1;2;1;1;1;1;1;2;2;2;3;3;1;1;1;3;2;3;1;2;1;1;1;1;4;3;4;2;1;2;2;1;1;1;1;1;1;3;2;3;1
Point (-0.51642106464780302 38.6822112076147917);c77b073d-ade9-4a99-87b9-befcb8be3750;3;4;4;2;3;3;2;2;4;3;3;3;2;3;3;2;2;2;2;3;2;1;3;4;3;4;4;2;2;1;1;50.000 - 100.000;2;10K-20K;2;Alcoi;Municipality (city/town);0.434301590617307;3;3;2;4;3;3;4;1;1;4;4;1;3;3;3;4;3;3;4;3;2;1;3;1;3;3;3;3;1;3;3;2;3;3;3;3;4;3;3;3;3;2;2;3;1;2;3;3;2;4;2;2;2
Point (-2.45428568556574511 42.4638174475072816);e2e4f74a-07f8-4eaf-a23c-faa115e13825;1;2;1;2;3;1;2;1;1;1;1;1;1;1;1;1;2;1;2;1;1;1;1;4;2;2;2;3;1;1;1;100.000 - 250.000;3;20K-30K;3;Logrono;Municipality (city/town);0.248951810291424;3;3;3;2;4;3;3;4;4;3;3;4;3;3;3;2;4;3;2;4;4;1;4;4;3;4;4;4;3;3;1;2;4;3;3;3;4;3;3;3;3;4;3;1;3;4;2;4;3;3;3;4;3
Point (16.69543279688152282 53.70419913709945803);12bb1b41-74fe-402b-8df8-a4038a3f8498;2;1;1;2;2;2;2;2;4;2;3;3;4;2;1;1;1;2;1;1;2;1;4;1;2;2;2;2;1;1;1;250.000 - 500.000;4;10K-20K;2;Szczecin;Municipality (city/town);0.353561569217819;3;3;3;4;3;1;4;1;3;4;3;3;4;4;4;4;4;4;4;4;4;4;3;3;3;4;2;2;4;2;2;3;3;3;3;3;4;3;3;3;4;3;3;3;3;3;3;4;3;4;3;3;4
Point (2.00822859799841735 41.57508376730206123);56cf4863-9711-4640-bf99-31ebf0ef5f42;4;3;4;2;3;4;4;3;4;3;3;2;2;4;3;3;3;3;4;2;2;2;2;4;4;4;2;4;3;1;1;100.000 - 250.000;3;30K-40K;4;Terrassa (Barcelona);Municipality (city/town);0.459439655014104;4;3;4;4;1;1;1;1;4;1;3;4;3;2;1;1;2;2;1;1;1;4;3;2;2;2;2;2;2;3;3;2;2;1;1;1;1;4;1;3;1;2;1;4;1;1;1;1;2;1;3;2;1
Point (21.66559280473545712 47.53044040507126766);793dfa04-61ac-4579-8c8c-2dc0b40221fd;2;1;1;1;2;2;1;4;2;1;1;1;1;2;2;1;1;2;1;1;3;2;4;3;2;3;1;2;3;1;1;100.000 - 250.000;3;< 10K;1;Debrecen;Municipality (city/town);0.281014750585063;3;3;3;1;1;1;1;1;1;1;1;1;1;1;1;1;1;2;1;1;2;3;3;2;3;2;2;2;1;2;3;3;1;4;1;1;1;1;2;1;1;2;1;2;2;1;2;1;1;1;1;1;1
Point (13.99554127616668531 50.10323781837563217);4adbe44d-5589-4126-9c62-ee9214ba6668;1;1;1;1;1;1;1;1;3;1;1;1;1;1;1;2;2;1;1;2;2;2;2;3;1;1;1;3;1;1;0;50.000 - 100.000;2;10K-20K;2;Zilina;Municipality (city/town);0.218904970642103;3;3;3;3;1;4;4;1;4;1;3;4;3;2;3;4;3;4;2;4;3;3;3;2;3;2;2;2;1;3;4;2;3;4;1;1;1;3;3;3;3;2;3;4;1;4;4;2;3;1;3;3;3
Point (24.66794887696963912 60.24110855728778802);69d667cc-b05d-46a7-b7c4-e8bd814b97d6;4;4;4;3;4;4;4;4;4;4;4;4;4;3;4;3;1;4;4;4;4;4;4;4;4;3;4;4;4;1;0;250.000 - 500.000;4;> 50K;6;Espoo;Municipality (city/town);0.671629128491108;1;1;1;2;1;3;1;1;3;1;2;3;1;2;2;1;1;3;3;2;2;1;2;2;2;2;2;2;1;2;3;2;1;1;1;1;1;2;4;2;1;1;1;1;1;1;1;1;2;1;2;4;1
Point (16.58859777028199289 49.20678980207693343);bd64a9aa-0350-48ae-9fdf-037380039b79;4;3;3;4;2;4;3;4;4;3;3;3;3;3;3;4;4;4;4;1;4;3;3;4;2;2;4;1;4;4;1;250.000 - 500.000;4;10K-20K;2;Brno;Municipality (city/town);0.518951061692484;4;3;1;3;1;1;1;1;1;1;2;1;3;2;3;4;3;3;2;4;3;4;4;4;4;4;4;4;4;4;2;3;4;3;3;3;3;4;3;1;3;4;4;2;2;4;4;3;3;3;4;3;4
Point (5.35165198714898516 51.71671147359603538);72fc0127-675a-4976-993c-f9a43c659bae;4;4;3;4;4;4;4;4;4;4;4;4;3;3;4;3;2;3;4;3;4;4;4;4;4;3;4;3;4;1;0;100.000 - 250.000;3;40K-50K;5;s-Hertogenbosch;Municipality (city/town);0.627580575237898;1;1;1;4;4;4;4;4;4;4;4;4;3;3;3;3;3;4;3;3;3;2;3;2;2;3;3;3;2;3;2;3;3;3;4;4;3;3;3;4;3;2;4;2;4;4;4;4;4;3;4;3;4
Point (3.13321985286271598 50.93706043781816817);86577e85-4954-4ea8-81ac-e4e9eef5f511;1;1;1;2;1;2;2;3;2;3;3;4;3;2;3;2;1;2;3;3;4;4;4;4;2;2;4;1;4;1;0;50.000 - 100.000;2;40K-50K;5;Roeselare;Municipality (city/town);0.400465977695144;3;3;3;1;1;1;1;1;1;1;1;1;3;2;3;3;3;3;3;3;3;3;3;2;2;2;2;2;2;3;1;2;1;4;1;1;1;4;4;1;3;2;4;1;1;1;4;2;2;1;3;4;2
Point (4.3080669722709013 51.92582673969685203);d8d78754-d851-499d-af44-a64d4b47ae6b;3;3;2;4;2;3;4;3;2;4;4;4;3;4;4;4;4;4;4;3;2;4;2;1;4;4;4;2;3;4;0; > 1.000.000;6;40K-50K;5;Rotterdam;Municipality (city/town);0.510273789635156;2;1;3;3;3;4;4;4;4;3;3;3;1;2;2;2;3;3;2;2;2;2;3;3;3;3;3;3;2;3;1;2;4;3;3;3;2;1;3;4;2;3;1;1;1;4;2;3;3;2;1;2;2
Point (16.92275106639779381 52.40651440360357327);5d2a9cff-7665-4569-8e52-1a340eb03c33;3;3;2;4;3;3;2;4;3;4;3;4;2;3;4;4;3;4;3;4;4;3;3;4;4;4;3;4;3;4;1;500.000 - 1.000.000;5;20K-30K;3;Poznan;Municipality (city/town);0.500800936570237;2;4;2;3;3;3;1;1;3;1;3;3;1;2;3;2;3;3;4;4;3;4;3;4;3;3;4;2;4;4;1;1;2;1;1;1;4;4;4;2;2;4;3;2;1;3;1;2;3;4;4;4;3
Point (24.392805165659869 40.93782256401774333);eff5af73-5e6a-41b3-a28d-bd4015f58cb4;2;3;3;2;3;1;1;1;2;3;4;4;3;4;2;1;1;2;3;3;2;3;1;3;4;4;4;3;2;1;1;50.000 - 100.000;2;30K-40K;4;Kavala;Municipality (city/town);0.418046750317583;3;2;2;4;4;4;4;4;4;4;4;4;4;3;3;4;4;4;4;4;4;4;3;2;2;3;2;3;4;4;3;1;1;1;1;3;4;3;3;4;4;3;1;4;2;2;3;4;4;4;4;4;4
Point (13.42525281490475209 42.393604623413502);7a3540be-2a94-4e28-b97a-297d2e588550;1;2;2;3;1;1;2;1;1;1;1;2;1;2;1;2;2;2;1;2;1;2;2;2;1;1;2;1;2;1;1;50.000 - 100.000;2;20K-30K;3;L'Aquila;Municipality (city/town);0.274552586234572;3;3;3;1;3;1;1;1;1;4;4;3;3;2;1;2;1;1;1;1;1;2;3;3;3;1;3;3;1;3;3;2;1;3;1;3;2;3;4;3;1;2;2;2;2;1;2;1;1;1;3;3;1
Point (25.64740262724230391 62.1311254109067761);71fabd8c-0229-49f3-b878-18c89cba9e7c;3;3;2;4;2;3;3;2;4;4;4;4;3;4;4;4;3;4;4;4;4;4;2;4;3;2;4;3;3;4;0;100.000 - 250.000;3;30K-40K;4;Jyvaskyla;Municipality (city/town);0.515182380958729;2;1;3;1;1;1;1;1;3;1;1;3;4;4;3;4;4;3;4;4;4;4;2;2;3;2;4;3;1;3;1;2;3;4;1;1;2;1;3;2;4;3;1;2;3;2;4;3;2;3;1;3;3
Point (23.88133058175040091 61.62926468058659424);4e97ed27-354f-412d-b216-170b728ed071;3;2;3;2;1;4;4;3;4;2;2;2;2;2;3;3;2;4;4;3;3;3;2;4;2;2;3;1;2;1;1;500.000 - 1.000.000;5;30K-40K;4;Tampere metropolitan area;Metropolitan Area;0.417223703833385;3;3;4;1;3;1;1;1;1;1;2;1;4;4;4;4;4;4;4;4;4;1;1;1;1;1;1;1;1;1;3;2;3;3;3;3;3;3;3;1;4;1;2;2;2;3;2;3;3;3;2;2;2
Point (16.81397347105262341 45.49510865063573561);98b82f3f-7a33-477d-b246-f818a8e7a3a4;1;1;1;1;1;1;1;1;1;1;1;1;2;1;1;1;1;2;1;1;1;1;1;2;1;1;1;1;1;1;0; < 50.000;1;< 10K;1;Kutina;Municipality (city/town);0.132230902777777;3;3;3;1;1;1;1;1;1;3;2;3;3;3;1;4;3;3;3;4;2;3;2;2;3;3;2;2;3;3;1;4;1;1;1;1;1;3;1;2;2;2;1;1;3;1;2;2;1;2;3;1;1
Point (-3.89188895036289573 40.52202947871898431);a42bd6b5-a7e9-4cd2-9771-a6fbe4d8f13c;2;2;1;3;3;1;1;1;3;3;3;4;2;4;3;2;2;2;3;3;4;3;3;4;4;4;4;4;1;1;1;50.000 - 100.000;2;30K-40K;4;Las Rozas de Madrid;Municipality (city/town);0.409548797012492;3;3;3;1;1;3;4;3;3;4;2;3;3;4;3;4;3;4;3;3;3;4;4;4;4;4;4;4;4;4;4;2;4;4;4;3;2;1;3;3;4;4;4;4;3;4;4;3;4;3;2;3;4
Point (22.29029996624285914 60.49224233142962248);ad77e1a4-9c82-416c-ad31-9faac15fea21;4;4;4;3;4;3;3;3;4;3;3;2;4;3;4;4;4;4;3;4;4;2;4;4;3;3;2;4;1;1;0;100.000 - 250.000;3;30K-40K;4;Turku;Municipality (city/town);0.508428494248807;4;4;2;4;3;4;1;1;1;3;3;4;3;1;2;3;4;3;3;2;3;2;3;3;1;1;1;3;2;3;1;4;4;1;1;1;1;2;1;3;2;2;2;2;3;4;1;2;1;2;2;2;2
Point (20.85632279269326972 39.66265325915060203);d09184ae-ba92-428b-9fcf-01aa377b7f53;1;1;1;1;1;1;1;1;2;1;2;2;1;2;1;1;2;2;1;1;1;1;1;4;1;2;1;1;1;1;0;50.000 - 100.000;2;10K-20K;2;Ioannina;Municipality (city/town);0.225901552094873;3;3;3;1;3;1;1;1;1;4;3;3;3;2;2;2;3;2;2;3;3;3;3;3;2;2;2;4;4;4;3;2;3;3;3;3;3;2;3;2;2;3;1;2;2;2;1;2;1;3;2;3;2
Point (7.20844742594016541 51.53770447825657186);7895a913-7be0-4fa4-a167-4837f5e5c94c;2;3;1;2;4;2;3;2;3;3;3;3;3;4;3;3;3;3;4;3;4;4;3;4;4;4;2;4;2;1;1;100.000 - 250.000;3;20K-30K;3;Herne;Municipality (city/town);0.436080274725955;3;3;3;3;3;3;3;4;3;3;3;3;3;4;2;2;3;4;2;3;4;1;2;2;2;2;2;2;1;2;3;3;1;3;4;4;4;3;4;3;3;1;4;2;3;1;2;3;3;3;3;4;3
Point (-8.61580118119002591 41.15365567186727702);0239de80-512f-42f9-9dd3-4333d55dc3ca;4;4;2;4;4;4;4;3;4;4;4;4;4;4;4;4;4;4;4;4;3;4;2;3;4;4;4;4;4;4;1;100.000 - 250.000;3;10K-20K;2;Porto;Municipality (city/town);0.662858776061901;1;1;1;2;3;3;1;1;1;1;1;1;4;4;4;4;4;4;2;4;4;4;4;4;4;2;2;4;4;2;3;2;3;3;1;4;3;2;1;1;4;3;1;4;4;4;4;3;3;2;2;3;3
Point (25.59604217155597183 41.89134341362730396);bf131e4e-2954-4e01-a847-b1f41d788b08;1;1;1;1;2;1;1;1;2;2;1;2;1;2;2;1;1;1;3;2;3;2;3;4;2;2;1;3;3;1;0;50.000 - 100.000;2;< 10K;1;Haskovo;Municipality (city/town);0.254575888521201;3;3;3;3;3;1;1;4;3;1;4;3;3;3;4;4;3;4;3;4;3;4;4;2;3;3;4;4;4;4;3;3;1;1;1;3;1;2;3;3;4;4;1;3;4;2;2;3;4;2;4;3;3
Point (-3.83323027890943546 43.46454749953363716);f2a1e361-5ce6-4023-b230-84b219cbb573;3;3;3;4;2;3;1;3;4;3;3;4;1;4;2;3;4;3;3;2;1;3;3;1;3;2;3;2;2;1;1;100.000 - 250.000;3;20K-30K;3;Santander;Municipality (city/town);0.421455133141867;3;3;3;4;4;3;4;1;4;3;4;4;3;2;3;2;3;3;3;3;2;2;4;4;4;2;3;4;2;4;2;2;3;3;1;4;3;2;4;4;2;3;2;2;3;3;3;2;4;3;3;4;3
Point (12.94130543895836105 57.73208506373920557);228758cf-3007-4414-8531-a534513df127;2;2;2;2;2;2;4;2;1;4;4;3;4;4;3;2;3;2;3;4;3;3;2;4;3;2;4;3;2;1;1;100.000 - 250.000;3;40K-50K;5;Boras;Municipality (city/town);0.442566494496335;2;2;3;1;3;1;1;1;1;1;2;1;1;1;1;1;1;1;1;2;2;1;1;1;1;1;1;1;1;1;4;4;3;1;1;1;3;4;3;1;1;1;4;2;2;1;1;1;1;1;2;2;1
Point (16.37746383552183005 48.20840505435113243);404f405a-5117-4f1d-ab65-fdd1e5859773;4;4;4;4;4;3;4;3;4;4;4;3;4;4;4;4;4;4;4;4;3;3;2;4;4;4;3;4;4;4;1; > 1.000.000;6;> 50K;6;Vienna;Municipality (city/town);0.563645119580628;1;4;2;3;3;1;1;1;1;1;1;3;3;1;1;4;1;1;1;1;2;2;1;1;1;1;1;1;1;1;1;3;4;1;1;1;2;2;3;2;1;1;1;2;2;2;2;1;1;1;1;1;1
Point (27.41532104058476094 42.52785344597386086);0a88882c-8258-4895-b231-77ca1c61d397;1;1;1;3;1;1;1;2;1;2;2;3;2;2;1;3;2;1;3;1;2;3;1;3;1;1;3;1;4;4;1;100.000 - 250.000;3;< 10K;1;Burgas;Municipality (city/town);0.258613770981877;3;3;3;1;4;1;1;4;1;4;4;4;4;4;4;4;4;4;4;4;4;4;4;3;3;4;3;2;4;4;1;4;1;1;1;1;1;2;4;4;4;4;1;2;4;2;2;4;2;3;4;4;4
Point (27.77546103366904262 62.99182702551677693);3837d162-6778-4022-8e8c-f33b5d43705c;4;3;1;4;3;4;3;4;4;4;3;4;2;4;4;4;3;4;4;3;4;4;2;4;4;4;4;4;4;1;0;100.000 - 250.000;3;30K-40K;4;Kuopio;Municipality (city/town);0.51940250588872;1;4;4;3;3;1;1;1;1;1;3;4;1;3;3;2;1;1;2;4;3;2;4;4;3;3;3;2;4;4;2;2;3;3;1;1;1;4;4;2;2;4;1;1;2;3;2;1;1;1;4;4;2
Point (11.08451815539514484 43.87799833157606599);38ae3e87-2f55-4878-94e8-8dfeece8bda2;4;4;3;3;4;3;2;3;4;3;2;2;3;2;4;4;4;3;4;4;2;2;2;3;3;4;2;4;4;4;1;100.000 - 250.000;3;30K-40K;4;Prato;Municipality (city/town);0.453626593773192;4;4;2;1;1;1;1;1;1;1;1;1;1;1;1;1;1;1;1;1;1;1;1;1;1;1;1;1;1;1;4;4;1;1;1;1;4;1;1;1;1;1;3;1;2;1;1;1;1;2;1;1;1
Point (12.16475581973850062 57.44815764988016582);26beeee5-0310-40b7-85a3-abcb30fe9f63;2;2;3;1;3;1;2;1;2;2;2;2;3;3;2;1;1;2;3;2;3;3;3;4;3;4;1;4;1;1;0;50.000 - 100.000;2;30K-40K;4;Kungsbacka;Municipality (city/town);0.353543460301273;3;3;3;3;3;1;4;4;3;4;3;4;4;4;4;4;4;4;4;4;4;4;4;4;3;3;4;3;4;3;4;2;1;4;4;1;4;1;3;4;4;4;3;4;3;4;4;4;4;4;3;3;4
Point (3.72538224356668213 51.07453477983215606);72777aeb-38ee-4b4a-9d3b-6a6806463100;4;2;2;3;3;4;4;4;3;4;4;3;4;4;4;4;4;4;3;4;4;4;4;4;4;3;4;3;4;1;0;250.000 - 500.000;4;40K-50K;5;Gent;Municipality (city/town);0.583595469379476;1;1;4;4;4;4;4;4;4;4;4;4;1;2;2;3;3;4;3;2;2;4;4;3;4;4;4;4;4;4;3;2;3;4;4;3;2;1;1;4;2;4;1;4;3;3;4;4;4;4;2;3;4
Point (21.76191019642418212 39.5555402529315856);2e39331a-f5c2-40a0-a6d2-063686a6de6e;2;3;3;3;3;2;2;2;2;3;3;3;3;3;3;3;3;2;3;4;1;1;1;3;3;3;3;3;3;3;1;50.000 - 100.000;2;10K-20K;2;Trikala;Municipality (city/town);0.425170331676765;3;3;2;1;3;1;1;1;1;1;3;3;1;2;1;1;1;1;2;2;1;3;3;4;2;2;3;2;3;2;1;4;1;1;1;1;4;4;1;2;1;3;3;1;3;1;1;1;1;4;3;1;1
Point (2.83508505453493465 41.98466013084888715);2aa77617-b906-4196-819e-ac0eadbd9bbe;1;2;3;2;1;1;2;1;1;1;1;1;2;1;2;2;2;1;1;3;1;1;3;2;1;1;1;1;2;4;1;100.000 - 250.000;3;20K-30K;3;Girona;Municipality (city/town);0.240304419221393;3;3;3;4;4;3;1;1;4;4;4;3;3;2;2;2;3;3;2;2;2;2;3;3;3;1;3;3;2;3;4;2;3;4;3;4;4;2;3;3;2;2;4;4;2;2;3;2;4;4;2;2;3
